-- phpMyAdmin SQL Dump
-- version 5.2.1
-- https://www.phpmyadmin.net/
--
-- Host: localhost:3306
-- Generation Time: May 05, 2024 at 01:01 AM
-- Server version: 8.0.37
-- PHP Version: 8.1.27

SET SQL_MODE = "NO_AUTO_VALUE_ON_ZERO";
START TRANSACTION;
SET time_zone = "+00:00";


/*!40101 SET @OLD_CHARACTER_SET_CLIENT=@@CHARACTER_SET_CLIENT */;
/*!40101 SET @OLD_CHARACTER_SET_RESULTS=@@CHARACTER_SET_RESULTS */;
/*!40101 SET @OLD_COLLATION_CONNECTION=@@COLLATION_CONNECTION */;
/*!40101 SET NAMES utf8mb4 */;

--
-- Database: `shuklaak_troycamp`
--

-- --------------------------------------------------------

--
-- Table structure for table `class`
--

CREATE TABLE `class` (
  `id` int NOT NULL,
  `name` varchar(255) NOT NULL
) ENGINE=InnoDB DEFAULT CHARSET=utf8mb4 COLLATE=utf8mb4_0900_ai_ci;

--
-- Dumping data for table `class`
--

INSERT INTO `class` (`id`, `name`) VALUES
(1, 'Freshman'),
(2, 'Sophomore'),
(3, 'Junior'),
(4, 'Senior'),
(5, 'Super Senior');

-- --------------------------------------------------------

--
-- Table structure for table `colour`
--

CREATE TABLE `colour` (
  `id` int NOT NULL,
  `name` varchar(255) NOT NULL
) ENGINE=InnoDB DEFAULT CHARSET=utf8mb4 COLLATE=utf8mb4_0900_ai_ci;

--
-- Dumping data for table `colour`
--

INSERT INTO `colour` (`id`, `name`) VALUES
(1, 'Red'),
(2, 'Orange'),
(3, 'Yellow'),
(4, 'Green'),
(5, 'Blue');

-- --------------------------------------------------------

--
-- Table structure for table `counselors`
--

CREATE TABLE `counselors` (
  `id` bigint NOT NULL,
  `first_name` varchar(255) NOT NULL,
  `last_name` varchar(255) NOT NULL,
  `tc_name` varchar(255) DEFAULT NULL,
  `phone` varchar(255) NOT NULL,
  `email` varchar(255) NOT NULL,
  `colour_id` int DEFAULT NULL,
  `class_id` int NOT NULL,
  `lit` float DEFAULT NULL,
  `sps` float DEFAULT NULL,
  `yearlong` float DEFAULT NULL,
  `leads` float DEFAULT NULL,
  `meeting` float NOT NULL,
  `programming` float NOT NULL,
  `mandatory` float NOT NULL,
  `total` float NOT NULL
) ENGINE=InnoDB DEFAULT CHARSET=utf8mb4 COLLATE=utf8mb4_0900_ai_ci;

--
-- Dumping data for table `counselors`
--

INSERT INTO `counselors` (`id`, `first_name`, `last_name`, `tc_name`, `phone`, `email`, `colour_id`, `class_id`, `lit`, `sps`, `yearlong`, `leads`, `meeting`, `programming`, `mandatory`, `total`) VALUES
(1021144616, 'Danely', 'Olmos', 'Good Soup', '619-882-6706', 'dolmos@usc.edu', 4, 3, NULL, 100, 91.67, NULL, 100, 95.83, 88.89, 94.7),
(1101656448, 'Hannah', 'Lee', '', '213-910-3201', 'hlee9080@usc.edu', NULL, 2, NULL, NULL, NULL, 66.67, 88.89, 66.67, 94.44, 71.3),
(1154370556, 'Ashley', 'Cavecche', 'Brownie Points', '714-403-5545', 'cavecche@usc.edu', 4, 4, 89.23, NULL, 66.67, NULL, 90.91, 77.95, 73.23, 77.2),
(1215437428, 'Summit', 'Bleak', 'Tumblr', '781-206-1793', 'sbleak@usc.edu', 3, 5, 31.25, NULL, 20.83, NULL, 9.09, 26.04, 9.09, 23.2),
(1277731923, 'Kiana', 'Amaya', 'Rock Bush Tree', '323-485-3055', 'kamaya@usc.edu', 1, 2, NULL, 40.74, 25, NULL, 86.36, 32.87, 86.36, 41.8),
(1298927724, 'Brandon', 'Arana', 'Mom’s Spaghetti', '661-373-3289', 'barama@usc.edu', 5, 4, NULL, NULL, NULL, NULL, 31.82, 0, 38.13, 6.4),
(1338083172, 'Alan', 'Zhan', 'Nameless', '626-617-3237', 'zhanshum@usc.edu', 3, 3, 58.46, NULL, NULL, NULL, 90.91, 58.46, 78.79, 61.8),
(1374413511, 'Fay', 'Li', '', '650-862-1282', 'qli47093@usc.edu', 4, 2, NULL, NULL, NULL, 88.24, 86.36, 88.24, 80.64, 87),
(1398652770, 'Nick', 'Barkidjija', 'Woof', '708-776-1715', 'barkidji@usc.edu', 4, 3, NULL, NULL, NULL, 70.59, 50, 70.59, 72.22, 70.9),
(1426278728, 'Lucas', 'Min', '', '469-212-5857', 'lkmin@usc.edu', 3, 3, NULL, 97.3, 100, NULL, 86.36, 98.65, 84.34, 96.3),
(1515190247, 'Marlen', 'Gonzalez', 'Cake Loss', '805-468-5352', 'marlen@usc.edu', 4, 2, 89.23, NULL, 0, NULL, 100, 89.23, 83.33, 88.2),
(1557911846, 'Rumaisa', 'Islam', 'Paw Patrol', '626-546-8560', 'rumaisai@usc.edu', 3, 4, 71.88, 72.73, 54.17, NULL, 45.45, 66.26, 56.06, 64.6),
(1614183454, 'Connor', 'Duncan', 'Duaflipa', '619-913-9508', 'connormd@usc.edu', 3, 4, NULL, 100, 100, NULL, 100, 100, 100, 100),
(1619172856, 'Jack', 'Donell', 'Bubbleguts', '310-562-4080', 'jack@donell.com', 1, 2, NULL, NULL, NULL, 100, 100, 100, 85.19, 97.5),
(1743741602, 'Dylan', 'Roberts', 'WeeWoo', '213-304-0102', 'ddrobert@usc.edu', 3, 4, 78.79, NULL, 75, NULL, 90.91, 76.89, 95.45, 80),
(1755800571, 'Hanah', 'Abualhaj', 'Teletooby', '341-224-3669', 'abualhaj@usc.edu', 4, 4, 56.25, 71.43, 100, NULL, 40.91, 75.89, 42.68, 70.4),
(1861829102, 'Heidi', 'Ramirez', 'Astroturf', '323-605-1678', 'heidilra@usc.edu', 5, 4, 90.77, NULL, 100, NULL, 68.18, 95.38, 56.31, 88.9),
(1882911769, 'Hayley', 'Bill', 'Slippery', '970-376-4324', 'hbill@usc.edu', 1, 3, NULL, NULL, NULL, 88.24, 72.73, 88.24, 69.7, 85.1),
(1895266425, 'Maya', 'Reddy', 'Crash Course', '214-632-2157', 'mbreddy@usc.edu', 4, 2, 87.76, NULL, 66.67, NULL, 100, 77.21, 92.59, 79.8),
(1896394823, 'Maya', 'Lopez', 'Gone Fishing', '202-905-7685', 'mayalope@usc.edu', NULL, 2, NULL, 48.94, 100, 61.76, 9.09, 70.23, 9.09, 60),
(2025969846, 'Sindhu', 'Tiwari', 'Boss Baby', '630-864-2333', 'sindhuti@usc.edu', NULL, 1, NULL, 90.91, 100, NULL, 100, 95.45, 100, 96.2),
(2057607109, 'Leah', 'Valencia', 'Turbo Flush', '213-531-1276', 'leahvale@usc.edu', 1, 3, NULL, 97.96, 90.91, NULL, 95.45, 94.43, 86.62, 93.1),
(2101585113, 'Pannam', 'Dhoat', '', '925-490-3556', 'dhoat@usc.edu', NULL, 3, NULL, NULL, 50, 83.33, 100, 66.67, 100, 72.2),
(2132294369, 'Emma', 'Fallon', 'Eiffel Asleep', '617-838-4116', 'efallon@usc.edu', NULL, 2, NULL, 90.91, 0, NULL, 100, 90.91, 100, 92.4),
(2137041692, 'Sean', 'McCalla', 'Baldilocks', '949-244-0570', 'smccalla@usc.edu', 1, 4, NULL, NULL, 100, 94.12, 95.45, 97.06, 86.62, 95.3),
(2166228109, 'Imani', 'Musembi', 'XBOP', '714-759-0227', 'musembi@usc.edu', 3, 4, 56.25, NULL, 0, NULL, 95.45, 56.25, 95.45, 62.8),
(2176044037, 'Sydney', 'Lu', '', '619-254-3599', 'sydneylu@usc.edu', NULL, 1, 23.53, NULL, NULL, NULL, 11.11, 23.53, 55.56, 28.9),
(2201547772, 'Sulalra', 'Merghani', 'Avalanche', '424-248-4948', 'smerghan@usc.edu', 3, 4, 56.25, NULL, 80, 64.29, 27.27, 66.85, 30.3, 60.8),
(2208890620, 'Jake', 'Sadiq', 'SOS', '571-299-0579', 'rjsadiq@usc.edu', 5, 4, NULL, NULL, 66.67, 82.35, 50, 74.51, 50, 70.4),
(2237581064, 'Sydney', 'Rudolph', '', '425-753-3034', 'srudolph@usc.edu', NULL, 2, NULL, NULL, NULL, NULL, 22.22, 0, 61.11, 10.2),
(2288046566, 'Janeel', 'Calzaretta', 'Skiddle', '972-742-4048', 'jcalzare@usc.edu', 1, 3, 72.31, NULL, 66.67, NULL, 100, 69.49, 77.78, 70.9),
(2288981269, 'Rose', 'Gasser', 'Waterproof', '415-342-4644', 'rgasser@usc.edu', 3, 4, 95.38, NULL, 100, NULL, 95.45, 97.69, 92.17, 96.8),
(2311248120, 'Emely', 'Gramajo Medrano', 'Lime-Aid', '323-571-3750', 'gramajom@usc.edu', 1, 3, NULL, 71.43, 33.33, NULL, 90.91, 52.38, 78.79, 56.8),
(2390734288, 'Giovanni', 'Jimenez', 'Catch None', '213-304-5867', 'gajimene@usc.edu', 5, 3, 87.5, NULL, NULL, NULL, 27.27, 87.5, 52.53, 81.7),
(2534982388, 'Isa', 'Alameda', 'Name Tag', '214-395-8292', 'ialameda@usc.edu', 2, 4, 84.62, NULL, 80, NULL, 95.45, 82.31, 92.17, 84),
(2590100013, 'Bryan', 'Mecina', 'Peetrain', '408-621-9283', 'mecinagu@usc.edu', 4, 4, NULL, 86.36, 88.89, 82.35, 95.45, 85.87, 97.73, 87.8),
(2595258792, 'Samantha', 'Pollard', 'Lil Boat', '425-588-1866', 'scpollar@usc.edu', NULL, 2, NULL, NULL, NULL, NULL, 100, 0, 100, 16.7),
(2710753106, 'Lauren', 'Anderson', 'Twin Cities', '402-677-4159', 'laurena4@usc.edu', 4, 4, 96.92, NULL, 100, NULL, 100, 98.46, 94.44, 97.8),
(2719890638, 'Isaac', 'Tula', 'Krusty Krab', '323-392-4568', 'tula@usc.edu', 2, 3, 75.38, NULL, 100, NULL, 54.55, 87.69, 49.49, 81.3),
(2822390912, 'Phu', 'Quach', 'Getaway', '720-755-7391', 'pdquach@usc.edu', NULL, 1, 58.82, NULL, 100, NULL, 88.89, 79.41, 94.44, 81.9),
(2924451599, 'Hyunah', 'Roh', 'DJ Teddy', '650-888-0691', 'hr_254@usc.edu', NULL, 3, NULL, 90.91, 0, NULL, 33.33, 90.91, 66.67, 86.9),
(2942928712, 'Naomi', 'Lima', '', '626-634-3738', 'naomifli@usc.edu', NULL, 2, NULL, NULL, NULL, NULL, 11.11, 0, 55.56, 9.3),
(2970860175, 'Juan', 'Barrios', 'Professor Whoopsie', '213-706-0829', 'barriosp@usc.edu', 1, 3, NULL, 85.71, 100, NULL, 54.55, 92.86, 43.94, 84.7),
(3070546539, 'Rajan', 'Khanna', '', '610-635-9475', 'rajankha@usc.edu', NULL, 1, NULL, NULL, NULL, NULL, 11.11, 0, 55.56, 9.3),
(3111450282, 'Akanksha', 'Shukla', 'Baby Yoda', '213-631-8155', 'shuklaak@usc.edu', 5, 5, 84.62, 81.63, 75, NULL, 100, 80.42, 100, 83.7),
(3130801638, 'Malik', 'Whitehead', 'Wrong Direction', '323-632-1152', 'miwhiteh@usc.edu', 4, 4, 96.88, 95.45, 83.33, NULL, 59.09, 91.89, 62.88, 87.1),
(3143319796, 'Chichi', 'Okeke', 'Director’s Cut', '972-400-3575', 'jokeke@usc.edu', 1, 4, NULL, 90.91, 62.5, NULL, 86.36, 76.7, 86.36, 78.3),
(3180394373, 'Stephanie', 'Sun', 'Carrot Cake', '510-598-5993', 'sjsun@usc.edu', 3, 4, 75.38, NULL, 100, NULL, 95.45, 87.69, 97.73, 89.4),
(3192542506, 'Aisha', 'Yamamoto', 'Gasp', '808-388-8860', 'atyamamo@usc.edu', 3, 4, 55.38, NULL, 87.5, NULL, 86.36, 71.44, 76.52, 72.3),
(3318543895, 'Rawan', 'Hassabelrasoul', 'Hot Take', '626-659-7598', 'hassabel@usc.edu', 5, 3, NULL, NULL, 25, NULL, 4.55, 25, 4.55, 21.6),
(3324627619, 'Joslyn', 'Bowman', 'Heads Up', '720-388-9105', 'jlbowman@usc.edu', 4, 2, 89.23, NULL, 75, NULL, 95.45, 82.12, 86.62, 82.9),
(3389266844, 'Aliyah', 'Perry', 'Floatiez', '510-828-3037', 'anperry@usc.edu', NULL, 4, NULL, NULL, NULL, NULL, 31.82, 0, 38.13, 6.4),
(3519584652, 'Emerson', 'Sonoda', 'Smoky Bear', '805-368-6399', 'esonoda@usc.edu', NULL, 2, NULL, NULL, NULL, 83.33, 55.56, 83.33, 77.78, 82.4),
(3532408513, 'Melat', 'Dibeculu', 'Drag Race', '925-446-1246', 'dibeculu@usc.edu', 2, 3, NULL, 93.62, 100, NULL, 86.36, 96.81, 82.07, 94.4),
(3546042283, 'Jennifer', 'Quito Alvarez', 'Bass Drop', '805-455-5860', 'quitoalv@usc.edu', 5, 5, NULL, NULL, 66.67, 76.47, 95.45, 71.57, 81.06, 73.2),
(3570919890, 'Lauren', 'Cyrus', 'Daredevil', '980-298-7390', 'lcyrus@usc.edu', NULL, 2, 58.82, NULL, 100, NULL, 77.78, 79.41, 88.89, 81),
(3605945870, 'Anushka', 'Mellacheruvu', '', '737-296-8686', 'amellach@usc.edu', 5, 2, 73.47, NULL, NULL, NULL, 77.27, 73.47, 62.79, 71.7),
(3678193011, 'Fernando', 'Campos', 'ICUP', '240-281-1959', 'fjcampos@usc.edu', 3, 3, NULL, 76.19, 87.5, 100, 86.36, 87.9, 82.07, 86.9),
(3708278996, 'Anjali', 'Singh', 'Prime Time', '440-258-8739', 'anjalisi@usc.edu', 1, 4, NULL, NULL, NULL, 82.35, 0, 82.35, 44.44, 76),
(3760501449, 'Gabrielle', 'Edwards', '', '980-264-3588', 'edwardsg@usc.edu', 4, 3, NULL, 85, NULL, NULL, 86.36, 85, 65.4, 81.7),
(3786118540, 'Bridget', 'Duffy', 'Home Alone 2: Lost in Nebraska', '402-983-6941', 'blduffy@usc.edu', 2, 3, NULL, NULL, NULL, 94.12, 100, 94.12, 83.33, 92.3),
(3805153986, 'Tenzin', 'Gorgotsang', 'Flight Risk', '801-502-4278', 'gorgotsa@usc.edu', NULL, 1, NULL, NULL, 75, NULL, 100, 75, 100, 79.2),
(3855904781, 'Zoe', 'Edwards', '', '980-312-0094', 'zedwards@usc.edu', 5, 3, NULL, 85, NULL, NULL, 90.91, 85, 67.68, 82.1),
(3888097718, 'Natalie', 'Rodríguez', '', '760-972-2627', 'nr16172@usc.edu', 1, 2, NULL, 94.59, 100, NULL, 86.36, 97.3, 91.75, 96.4),
(3893615006, 'Naioth', 'Abraham', '', '571-334-6588', 'nfabraha@usc.edu', 5, 3, NULL, 81.82, 100, 80, 90.91, 87.27, 95.45, 88.6),
(3983790974, 'Saloni', 'Mahajan', '', '408-755-6362', 'salonima@usc.edu', 1, 2, NULL, 59.26, NULL, NULL, 9.09, 59.26, 9.09, 50.9),
(4027084550, 'Sumedh', 'Neelakanti', 'CSI', '858-267-0555', 'Sneelaka@usc.edu', NULL, 4, 65.31, NULL, 100, NULL, 95.45, 82.65, 87.37, 83.4),
(4031150842, 'Tiara', 'D’Mello', '', '614-822-5559', 'tdmello@usc.edu', NULL, 1, NULL, 81.82, NULL, NULL, 88.89, 81.82, 94.44, 83.9),
(4073084709, 'Nelson', 'Mendez', 'Tums', '213-840-6233', 'nmendezm@usc.edu', 5, 4, NULL, 92.59, 75, NULL, 59.09, 83.8, 62.88, 80.3),
(4076363677, 'Richard', 'Ramon', 'Quarter Zip', '213-669-0457', 'rramonal@usc.edu', 2, 3, NULL, 83.33, 66.67, NULL, 59.09, 75, 68.43, 73.9),
(4399303534, 'Kimberly', 'Rochin', '2-Ply', '626-603-9801', 'rochinqu@usc.edu', NULL, 3, 60.61, NULL, NULL, NULL, 95.45, 60.61, 81.06, 64),
(4424994437, 'Isai', 'Ortega', '', '323-605-2194', 'ortegale@usc.edu', NULL, 3, NULL, NULL, NULL, NULL, 0, 0, 0, 0),
(4446516868, 'Manuela', 'Londoño', 'Salt & Pepper', '786-559-3905', 'mlondono@usc.edu', NULL, 1, NULL, 63.64, NULL, NULL, 88.89, 63.64, 94.44, 68.8),
(4481172145, 'Anusha', 'Vadlamani', 'Funky Town', '513-909-5927', 'asvadlam@usc.edu', 5, 4, 98.46, 88.89, 94.74, NULL, 100, 94.03, 100, 95),
(4538832526, 'Ingrys', 'Arevalo', 'Serenata', '510-209-6950', 'iarevalo@usc.edu', 4, 4, NULL, NULL, 100, 94.12, 95.45, 97.06, 86.62, 95.3),
(4744881438, 'Marisa', 'Gaglio', 'Princess Protection Program', '503-332-9032', 'mgaglio@usc.edu', 2, 3, 93.85, NULL, 83.33, NULL, 90.91, 88.59, 78.79, 87),
(4889364207, 'Charlotte', 'Tight', 'Candy Crush', '310-863-7647', 'tight@usc.edu', 1, 4, NULL, 93.88, NULL, NULL, 95.45, 93.88, 69.95, 89.9),
(4889824168, 'May', 'Wu', 'Frognana', '818-390-3900', 'maylianw@usc.edu', 3, 3, 69.7, 74.07, 62.5, NULL, 90.91, 68.76, 67.68, 68.6),
(4946246218, 'Tinsae', 'Yimer', 'Fa-Broom', '747-238-8009', 'tyimer@usc.edu', 2, 3, NULL, 85.19, 75, NULL, 27.27, 80.09, 46.97, 74.6),
(4964734528, 'Donovan', 'Hernandez', 'Blubber', '323-867-4960', 'linodono@usc.edu', 5, 4, 72.31, NULL, 66.67, NULL, 72.73, 69.49, 80.81, 71.4),
(4984083122, 'Quinn', 'Poseley', 'Pootine', '415-889-7330', 'poseley@usc.edu', NULL, 4, NULL, NULL, NULL, 73.53, 90.91, 73.53, 90.91, 76.4),
(5004981923, 'Litzy', 'Contreras', '5 Second Rule', '562-330-0536', 'lpcontre@usc.edu', 3, 3, 63.64, NULL, 14.29, 100, 86.36, 59.31, 91.75, 64.7),
(5075772015, 'Yezi', 'Gugsa', 'Hewwo', '507-208-2263', 'gugsa@usc.edu', 5, 3, 87.69, NULL, 100, NULL, 86.36, 93.85, 87.63, 92.8),
(5281472873, 'Shanley', 'Kearney', 'Paddington', '309-826-6155', 'sjkearne@usc.edu', 3, 4, 75.38, NULL, NULL, NULL, 4.55, 75.38, 24.49, 66.9),
(5318899370, 'jocelyn', 'tang', '', '626-272-7093', 'tangjoce@usc.edu', NULL, 2, NULL, 72.73, NULL, NULL, 22.22, 72.73, 61.11, 70.8),
(5354403258, 'David', 'Aoyama', 'Ice Princess', '425-232-0988', 'daoyama@usc.edu', 4, 2, NULL, NULL, 0, 100, 100, 100, 100, 100),
(5507892371, 'Allison', 'Mendoza', 'Bus Stop', '682-227-3529', 'allymend@usc.edu', 1, 3, NULL, 57.45, 45.83, NULL, 63.64, 51.64, 54.04, 52),
(5511704511, 'Joel', 'Morales', 'Chop-Chop', '551-697-1497', 'joelrmor@usc.edu', NULL, 1, NULL, 94.59, 100, NULL, 100, 97.3, 92.59, 96.5),
(5525437808, 'Logan', 'Yamamoto', 'Docusign', '808-597-0108', 'lmyamamo@usc.edu', 1, 1, NULL, 86.67, 100, 100, 86.36, 95.56, 88.05, 94.3),
(5634618837, 'Liliana', 'Adzich', 'Chatterbox', '714-949-0569', 'ladzich@usc.edu', NULL, 2, 87.76, NULL, 50, NULL, 81.82, 68.88, 90.24, 72.4),
(5718089194, 'Avery', 'Longdon', 'Flameo', '847-867-9167', 'alongdon@usc.edu', 5, 4, NULL, 90.91, 91.67, NULL, 86.36, 91.29, 86.36, 90.5),
(5742321970, 'Edward', 'Chanquin', 'Guppi', '323-382-4775', 'chanquin@usc.edu', 1, 3, NULL, 74.07, 58.33, NULL, 40.91, 66.2, 42.68, 62.3),
(5795999970, 'Stephanie', 'Luis', 'Thneed O’ Hair', '323-697-1276', 'sluis@usc.edu', 4, 3, 59.38, NULL, 58.33, NULL, 68.18, 58.85, 61.87, 59.4),
(5948077798, 'Nitya', 'Kashyap', 'Lil Payback', '408-203-1151', 'nityakas@usc.edu', NULL, 2, NULL, 81.82, 50, NULL, 77.78, 65.91, 88.89, 69.7),
(5961610907, 'Grace', 'Nwankwo', '', '872-301-5705', 'gnwankwo@usc.edu', NULL, 3, NULL, NULL, NULL, NULL, 0, 0, 0, 0),
(6017045031, 'Veronique', 'Louis-Jacques', 'TruMoo', '754-248-8427', 'vlouisja@usc.edu', 2, 3, NULL, NULL, 85.71, 91.18, 95.45, 88.45, 97.73, 90),
(6112308121, 'Nathan', 'Weneta', 'Mufasa', '619-519-6094', 'weneta@usc.edu', 2, 4, 81.25, NULL, 83.33, NULL, 45.45, 82.29, 63.3, 79.1),
(6134682824, 'Scarlet', 'Bayer', '', '847-558-9405', 'srbayer@usc.edu', 1, 2, NULL, NULL, NULL, 82.35, 40.91, 82.35, 65.49, 79.5),
(6140013518, 'Kymia', 'Freeman', 'Nyan Cat', '424-645-9266', 'kdfreema@usc.edu', 2, 3, 78.13, NULL, 55.56, NULL, 36.36, 66.84, 45.96, 63.4),
(6195444082, 'Lily', 'Joyce', 'Red Handed', '615-388-8439', 'lkjoyce@usc.edu', 5, 3, 57.58, NULL, NULL, 30, 0, 43.79, 0, 36.5),
(6383519977, 'Nathalie', 'Ceron', '', '323-399-8818', 'neceron@usc.edu', NULL, 2, NULL, NULL, NULL, NULL, 22.22, 0, 61.11, 10.2),
(6420833245, 'Zidane', 'Zamorano', 'Pinkalicious', '415-735-8267', 'zzamoran@usc.edu', NULL, 2, 64.71, NULL, NULL, NULL, 11.11, 64.71, 55.56, 63.2),
(6445397530, 'Maya', 'Gilpin', '', '404-804-1065', 'mgilpin@usc.edu', 2, 4, NULL, NULL, NULL, 10, 0, 10, 33.33, 13.9),
(6559358808, 'Itzel', 'Meza-Ruiz', 'Abracadabra', '760-828-8782', 'imezarui@usc.edu', 2, 1, 79.59, NULL, 75, NULL, 100, 77.3, 96.3, 80.5),
(6578053214, 'Laurah', 'Chau', 'Butter Burner', '818-271-6946', 'llchau@usc.edu', NULL, 3, NULL, 100, NULL, NULL, 100, 100, 100, 100),
(6581554276, 'Caden', 'Williams', 'False Alarm', '561-324-6999', 'Cadenwil@usc.edu', NULL, 1, 47.06, NULL, 100, NULL, 77.78, 73.53, 88.89, 76.1),
(6618082597, 'Kyle', 'Zheng', 'Dogecoin', '626-510-2010', 'zhengma@usc.edu', NULL, 3, 56.67, NULL, 66.67, NULL, 59.09, 61.67, 59.09, 61.2),
(6695699936, 'Amy', 'Wang', 'Onomatopoeia', '562-262-1289', 'awang796@usc.edu', 2, 2, NULL, 66.67, 41.67, NULL, 86.36, 54.17, 76.52, 57.9),
(6712188473, 'Elise', 'Torres', 'Potato Wedge', '626-374-2724', 'elisetor@usc.edu', 2, 4, NULL, 81.63, 83.33, NULL, 68.18, 82.48, 72.98, 80.9),
(6790189192, 'Bradley', 'Brown', 'Grunkel', '301-852-0254', 'bdbrown@usc.edu', 4, 4, 83.08, NULL, 62.5, NULL, 95.45, 72.79, 81.06, 74.2),
(6801890273, 'Diego', 'Moreno', 'Bluey', '323-252-1327', 'morenod@usc.edu', NULL, 1, NULL, NULL, NULL, 55.88, 22.73, 55.88, 61.36, 56.8),
(6847630306, 'Sabrina', 'Rincon', 'Sunflower', '626-373-3161', 'srincon@usc.edu', 3, 2, NULL, 93.88, 100, NULL, 90.91, 96.94, 95.45, 96.7),
(6949373616, 'Gabrielle', 'Sullivan', 'Mater', '210-784-8861', 'gmsulliv@usc.edu', 1, 2, NULL, NULL, NULL, NULL, 0, 0, 0, 0),
(6957159719, 'Yousra', 'Mohamed', 'ZOOey 101', '832-704-4362', 'yymohame@usc.edu', 1, 4, 98.46, NULL, 100, NULL, 95.45, 99.23, 81.06, 96.2),
(6961122849, 'Nate', 'Boxer', '', '650-448-8862', 'nboxer@usc.edu', NULL, 2, NULL, NULL, NULL, 83.33, 22.22, 83.33, 61.11, 79.6),
(7073298658, 'Anna', 'Gutierrez', 'Walkie Talkie', '702-480-2027', 'annaggut@usc.edu', 5, 3, 78.46, NULL, 50, NULL, 81.82, 64.23, 74.24, 65.9),
(7073894610, 'Génesis', 'Enriquez', '', '323-580-9532', 'genrique@usc.edu', NULL, 1, NULL, NULL, 100, 90, 81.82, 95, 79.12, 92.4),
(7087334980, 'Maya', 'Thamer-Nall', 'Barbird', '301-502-2280', 'thamerna@usc.edu', 5, 4, 78.79, NULL, 100, NULL, 76.92, 89.39, 76.92, 87.3),
(7136447410, 'Anjali', 'Adduri', '', '508-422-6870', 'adduri@usc.edu', 1, 3, NULL, 72.34, 100, NULL, 9.09, 86.17, 26.77, 76.3),
(7198733440, 'Riley', 'Ashford', 'Cinna-ma', '205-913-7217', 'rcashfor@usc.edu', NULL, 1, 64.71, NULL, NULL, NULL, 88.89, 64.71, 94.44, 69.7),
(7224252589, 'Erin', 'Delahunt', 'Fun Dip', '716-531-0082', 'edelahun@usc.edu', NULL, 2, NULL, NULL, NULL, 33.33, 22.22, 33.33, 61.11, 38),
(7335549719, 'Shandela', 'Contreras', 'Coachella', '323-743-7402', 'sccontre@usc.edu', 3, 3, 87.76, NULL, 88.89, NULL, 95.45, 88.32, 87.37, 88.2),
(7351053539, 'Chris', 'Young', 'Toy Story', '404-662-0710', 'cpyoung@usc.edu', 1, 3, NULL, NULL, 100, 55.88, 77.27, 77.94, 83.08, 78.8),
(7358122866, 'Finn', 'Cassady', 'Pipsqueak', '205-401-3519', 'fcassady@usc.edu', 1, 3, NULL, NULL, 75, 94.12, 86.36, 84.56, 82.07, 84.1),
(7437346078, 'Silvina', 'Herrera', 'Green Thumb', '747-226-8420', 'sdherrer@usc.edu', 5, 3, NULL, NULL, NULL, 23.53, 0, 23.53, 0, 19.6),
(7469678058, 'Lidiya', 'Kiflom', 'French Toast', '206-502-9272', 'kiflom@usc.edu', 2, 2, 75.76, 73.33, NULL, NULL, 90.91, 74.55, 95.45, 78),
(7515671274, 'Samara', 'Chaplain', '', '857-253-1669', 'schaplai@usc.edu', 1, 3, NULL, NULL, NULL, NULL, 31.82, 0, 55.05, 9.2),
(7551557955, 'Avni', 'Aggrawal', 'Olive Oil', '510-610-2337', 'aaggrawa@usc.edu', NULL, 4, 34.38, NULL, NULL, NULL, 0, 34.38, 0, 28.6),
(7594375395, 'Jonny', 'Iyasele', 'Squeaky Clean', '312-316-7623', 'iyasele@usc.edu', 5, 3, 56.25, NULL, NULL, NULL, 81.82, 56.25, 79.8, 60.2),
(7642732374, 'Mia', 'Martinez', 'Flip Flop', '312-925-7984', 'miamarti@usc.edu', NULL, 1, NULL, 81.82, NULL, NULL, 88.89, 81.82, 94.44, 83.9),
(7695270968, 'Guadalupe', 'Silva', '', '650-788-3630', 'silvadue@usc.edu', 2, 3, NULL, NULL, 100, 82.35, 22.73, 91.18, 28.03, 80.7),
(7702076049, 'Anthony', 'Ceja', 'Primo', '323-317-0864', 'cejapadi@usc.edu', 3, 3, NULL, NULL, 66.67, NULL, 59.09, 66.67, 59.09, 65.4),
(7726603789, 'Arsama', 'Gebretsadik', '', '720-244-7264', 'agebrets@usc.edu', 1, 3, NULL, 85.71, 100, NULL, 4.55, 92.86, 4.55, 78.1),
(7936944032, 'Shivani', 'Gupta', 'Quack Attack', '408-315-3368', 'Sgupta92@usc.edu', 1, 4, NULL, NULL, 50, NULL, 90.91, 50, 90.91, 56.8),
(7941970041, 'Vandita', 'Gorla', 'Teef', '661-447-5949', 'vgorla@usc.edu', 5, 3, NULL, NULL, NULL, 70.59, 95.45, 70.59, 92.17, 74.2),
(7979826605, 'Solange', 'Aguero', 'Relay', '818-481-9659', 'saguero@usc.edu', 4, 3, NULL, NULL, 20, 76.47, 77.27, 48.24, 77.53, 53.1),
(7989167094, 'Christian', 'Oropeza-Pineda', 'Tajin', '323-333-1694', 'oropezap@usc.edu', 1, 1, NULL, NULL, NULL, 75, 18.18, 75, 59.09, 72.3),
(7996624369, 'Jesus', 'Mendoza', 'Zeus', '805-536-9040', 'jesuseme@usc.edu', NULL, 3, NULL, 90.91, NULL, NULL, 77.78, 90.91, 88.89, 90.6),
(8073585802, 'Alyssa', 'Ponrartana', 'Sprinkles', '424-303-0307', 'aponrart@usc.edu', 1, 1, 100, 94.59, 80, NULL, 100, 91.53, 92.59, 91.7),
(8074085537, 'Laney', 'Riley', 'Snorlax', '267-963-7257', 'lriley22@usc.edu', 4, 2, 72.31, NULL, 100, NULL, 90.91, 86.15, 84.34, 85.9),
(8084608525, 'Niall', 'Pierce', 'Shorants', '985-233-9640', 'nipierce@usc.edu', 4, 4, 63.08, NULL, 70.83, 82.35, 90.91, 72.09, 84.34, 74.1),
(8178892734, 'Olivia', 'Wang', 'Pickles', '626-321-2403', 'oliviaw@usc.edu', 3, 3, 85.71, 73.33, 100, NULL, 90.91, 86.35, 93.27, 87.5),
(8206645698, 'Jack', 'Waterman', '', '469-623-9111', 'jswaterm@usc.edu', 5, 3, NULL, NULL, 100, 80, 90.91, 90, 67.34, 86.2),
(8303725054, 'Joy', 'Jaensubhakij', 'Reverse', '914-484-0802', 'jjaensub@usc.edu', 5, 4, 78.79, NULL, 100, NULL, 95.45, 89.39, 86.62, 88.9),
(8308797837, 'Daniel', 'Stafford', 'Clorox', '609-618-5531', 'daniels5@usc.edu', NULL, 1, 76.47, NULL, 100, 33.33, 88.89, 69.93, 94.44, 74),
(8327170422, 'Denise', 'Abille', 'Track Star', '805-824-6852', 'abille@usc.edu', 3, 3, 87.5, 95.45, 75, 79.41, 81.82, 84.34, 85.35, 84.5),
(8341117479, 'Parris', 'Grundy', '', '323-481-9950', 'pgrundy@usc.edu', 2, 3, NULL, NULL, 100, 82.35, 81.82, 91.18, 57.58, 85.6),
(8385091640, 'Gabriela', 'Mejia', 'Pit Crew', '323-875-2271', 'gamejia@usc.edu', NULL, 1, NULL, NULL, NULL, NULL, 33.33, 0, 66.67, 11.1),
(8430099755, 'Selina', 'Martinez', 'Tooth Hurty', '626-662-8618', 'selinama@usc.edu', 1, 4, 68.75, 95.45, 100, NULL, 63.64, 88.07, 42.93, 80.5),
(8445248099, 'Daniela', 'Castanon', 'Paparazzi', '323-571-7689', 'dcastano@usc.edu', 3, 3, 79.17, NULL, 75, 85, 86.36, 79.72, 88.05, 81.1),
(8458901761, 'Alex', 'Delgado', 'Slick', '323-335-4069', 'ad13210@usc.edu', 1, 3, NULL, 81.63, 100, NULL, 86.36, 90.82, 48.74, 83.8),
(8493070079, 'Maria', 'Robles', 'Optical Illusion', '323-253-7168', 'roblesmg@usc.edu', 2, 3, NULL, NULL, 100, 5, 13.64, 52.5, 29.04, 48.6),
(8548415823, 'Lindsay', 'Huerta', 'Wiggles', '323-384-8272', 'huertali@usc.edu', 4, 4, NULL, NULL, NULL, NULL, 63.64, 0, 63.64, 10.6),
(8581826390, 'Baiming', 'Zhang', 'Whole Lotta Red', '626-863-6831', 'baimingz@usc.edu', 5, 2, 48.48, NULL, NULL, NULL, 95.45, 48.48, 87.37, 55),
(8589748777, 'Brandon', 'Sun', 'Tumbleweed', '510-766-5699', 'sunbrand@usc.edu', 5, 2, NULL, NULL, 100, NULL, 55.56, 100, 77.78, 96.3),
(8596418504, 'Annabelle', 'Layt', 'Row Row Row Your Boat', '213-551-4648', 'layt@usc.edu', 1, 3, NULL, NULL, NULL, NULL, 81.82, 0, 79.8, 13.3),
(8671403230, 'Olivia', 'Shaver', 'Macabun', '415-360-4463', 'oshaver@usc.edu', 2, 3, NULL, 77.78, NULL, NULL, 31.82, 77.78, 31.82, 70.1),
(8676697337, 'Adith', 'Swarup', 'Seeyuh', '925-464-6912', 'adithswa@usc.edu', NULL, 3, NULL, NULL, NULL, 100, 55.56, 100, 77.78, 96.3),
(8777388469, 'Vania', 'Vazquez Vergara', 'Yappy Birthday', '714-515-2460', 'vaniavaz@usc.edu', NULL, 3, NULL, NULL, NULL, 83.33, 66.67, 83.33, 83.33, 83.3),
(8799739906, 'Brian', 'Zhang', 'Menlo', '626-877-6726', 'bezhang@usc.edu', 3, 4, 63.08, NULL, 50, NULL, 90.91, 56.54, 90.91, 62.3),
(8879150925, 'Tony', 'Fajardo', 'Drift', '201-467-1450', 'tfajardo@usc.edu', 2, 3, NULL, 66.67, 62.5, NULL, 68.18, 64.58, 67.42, 65.1),
(8964143974, 'Angelina', 'Rocchio', '', '949-482-7838', 'arocchio@usc.edu', NULL, 2, NULL, NULL, NULL, NULL, 33.33, 0, 66.67, 11.1),
(8964702706, 'Bryan', 'Ly', 'Yakpack', '805-233-5535', 'bryanly@usc.edu', 2, 2, NULL, 94.59, 100, NULL, 86.36, 97.3, 91.75, 96.4),
(8999530819, 'Matthew', 'Vega', '', '714-609-8846', 'mgvega@usc.edu', 4, 3, NULL, NULL, NULL, 76.47, 95.45, 76.47, 87.37, 78.3),
(9010001314, 'Yehuda', 'Potash', 'Rip', '504-400-1288', 'ypotash@usc.edu', NULL, 4, NULL, 6.67, NULL, 40, 9.09, 23.33, 9.09, 21),
(9073271965, 'Ajalaa', 'Claussen', 'Sprout', '575-574-8274', 'aclausse@usc.edu', 4, 4, NULL, NULL, 100, 73.53, 86.36, 86.76, 76.52, 85.1),
(9094344424, 'Will', 'Buckser-Schulz', '', '914-216-2175', 'bucksers@usc.edu', 3, 4, NULL, NULL, NULL, NULL, 0, 0, 0, 0),
(9120929363, 'Destinee', 'Banks', 'Hole Punch', '928-577-7361', 'dkbanks@usc.edu', 3, 3, NULL, 100, 100, 95, 86.36, 98.33, 88.05, 96.6),
(9135285376, 'Simon', 'Park', 'Paradise Falls', '714-504-3567', 'stpark@usc.edu', 3, 4, 69.23, NULL, NULL, NULL, 0, 69.23, 44.44, 65.1),
(9151787705, 'Diego', 'Hernandez', 'Go Fund Me', '661-621-8235', 'diegoihe@usc.edu', 1, 3, 72.31, NULL, 41.67, NULL, 40.91, 56.99, 42.68, 54.6),
(9289596160, 'Quetzalli', 'Vergara', 'Abuelita', '562-944-9154', 'qvergara@usc.edu', NULL, 4, NULL, NULL, 100, 66.67, 77.78, 83.33, 88.89, 84.3),
(9306151467, 'Alvin', 'Pleitez', 'Extra Credit', '213-218-1688', 'apleitez@usc.edu', 3, 3, 90.77, NULL, 36.36, NULL, 36.36, 63.57, 40.4, 59.7),
(9509389255, 'Ethan', 'Lam', 'Pound Cake', '626-710-6572', 'ethanlam388@gmail.com', 2, 4, NULL, 63.27, 62.5, NULL, 36.36, 62.88, 34.85, 58.2),
(9570689751, 'Ivan', 'Paredes', 'Mouthguard', '773-876-5729', 'iparedes@usc.edu', NULL, 4, NULL, 66.67, NULL, 64.71, 4.55, 65.69, 4.55, 55.5),
(9618875534, 'Bernard', 'Lee', '7 Up', '925-786-5891', 'bhlee@usc.edu', 4, 3, 96.92, NULL, 100, NULL, 27.27, 98.46, 27.27, 86.6),
(9649910496, 'Asako', 'Ishibashi', 'Tangled', '310-290-3565', 'asakoish@usc.edu', 2, 2, NULL, 48.15, 58.33, NULL, 18.18, 53.24, 42.42, 51.4),
(9681577285, 'Mariah', 'Nava', 'Gatekeep', '951-207-3904', 'mariahna@usc.edu', 1, 2, 86.15, 90.91, 95, 94.12, 100, 91.55, 77.78, 89.3),
(9768382860, 'Roxette', 'De Jesus Primero', '', '720-299-8414', 'dejesusp@usc.edu', NULL, 3, NULL, NULL, 100, 100, 100, 100, 100, 100),
(9776625539, 'Kiley', 'GilBride', 'Headline', '602-448-2479', 'kgilbrid@usc.edu', 3, 3, NULL, 96.3, 100, NULL, 40.91, 98.15, 59.34, 91.7),
(9970144988, 'Emily', 'Givens', 'Monsters Inc.', '425-785-8829', 'egivens@usc.edu', 1, 4, NULL, NULL, NULL, 79.41, 31.82, 79.41, 38.13, 72.5),
(9973097809, 'Martina', 'Pardo', 'Locksmith', '786-473-9606', 'mpardo@usc.edu', NULL, 3, NULL, NULL, NULL, NULL, 31.82, 0, 31.82, 5.3);

-- --------------------------------------------------------

--
-- Table structure for table `credit`
--

CREATE TABLE `credit` (
  `id` int NOT NULL,
  `name` varchar(255) NOT NULL
) ENGINE=InnoDB DEFAULT CHARSET=utf8mb4 COLLATE=utf8mb4_0900_ai_ci;

--
-- Dumping data for table `credit`
--

INSERT INTO `credit` (`id`, `name`) VALUES
(1, 'Calling'),
(2, 'Attendance');

-- --------------------------------------------------------

--
-- Table structure for table `dates`
--

CREATE TABLE `dates` (
  `date_id` int NOT NULL,
  `date` varchar(255) NOT NULL
) ENGINE=InnoDB DEFAULT CHARSET=utf8mb4 COLLATE=utf8mb4_0900_ai_ci;

--
-- Dumping data for table `dates`
--

INSERT INTO `dates` (`date_id`, `date`) VALUES
(1, 'LA City Zoo'),
(2, 'Griffith'),
(3, 'Back to Camp Day'),
(4, 'Playhouse'),
(5, 'Variety Show'),
(6, 'WBB'),
(7, 'Laser Tag'),
(8, 'Bonfire'),
(9, 'Week 2 (09/18)'),
(10, 'Week 3 (10/02)'),
(11, 'Week 4 (10/09)'),
(12, 'Week 5 (10/23)'),
(13, 'Week 6 (10/30)'),
(14, 'Week 7 (11/06)'),
(15, 'Week 8 (11/13)'),
(16, 'Week 9 (11/20)'),
(17, 'Week 10 (11/27)'),
(18, 'Week 1 (01/29)'),
(19, 'Week 2 (02/05)'),
(20, 'Week 3 (02/12)'),
(21, 'Week 4 (02/26)'),
(22, 'Week 5 (03/04)'),
(23, 'Week 7 (04/08)'),
(24, 'Week 8 (04/15)'),
(25, 'Week 1 (09/11)'),
(26, 'Week 2 (02/12)'),
(27, 'Week 3 (02/26)'),
(28, 'Week 6 (03/18)'),
(29, '26th September'),
(30, '3rd October'),
(31, '10th October'),
(32, '17th October'),
(33, '24th October'),
(34, 'Fall Retreat'),
(35, '7th November'),
(36, '14th November'),
(37, '28th November'),
(38, '12th January'),
(39, '23rd January'),
(40, '30th January'),
(41, '6th February'),
(42, '13th February'),
(43, '20th February'),
(44, '27th February'),
(45, '5th March'),
(46, '19th March'),
(47, '26th March'),
(48, '2nd April'),
(49, '9th April'),
(50, '16th April'),
(51, 'Week 2 (09/14)'),
(52, 'Week 3 (09/21)'),
(53, 'Week 4 (09/28)'),
(54, 'Week 5 (10/05)'),
(55, 'Week 6 (10/19)'),
(56, 'Week 7 (10/26)'),
(57, 'Week 8 (11/02)'),
(58, 'Week 9 (11/09)'),
(59, 'Week 10 (11/16)'),
(60, 'Week 11 (11/30)'),
(61, 'Week 1 (01/26)'),
(62, 'Week 2 (02/01)'),
(63, 'Week 3 (02/08)'),
(64, 'Week 4 (02/15)'),
(65, 'Week 5 (02/22)'),
(66, 'Week 6 (02/29)'),
(67, 'Week 7 (03/07)'),
(68, 'Week 8 (03/21)'),
(69, 'Week 9 (03/28)'),
(70, 'Week 10 (04/04)'),
(71, 'Week 11 (04/11)'),
(72, 'Week 1 (09/07)'),
(73, 'Week 1 (09/06)'),
(74, 'Week 2 (09/13)'),
(75, 'Week 3 (09/20)'),
(76, 'Week 4 (09/27)'),
(77, 'Week 5 (10/4)'),
(78, 'Week 6 (10/11)'),
(79, 'Week 7 (10/18)'),
(80, 'Week 8 (10/25)'),
(81, 'Week 9 (11/01)'),
(82, 'Week 10 (11/29)'),
(83, 'Week 1 (01/31)'),
(84, 'Week 2 (02/14)'),
(85, 'Week 3 (02/21)'),
(86, 'Week 4 (02/29)'),
(87, 'Week 5 (03/20)'),
(88, 'Week 6 (04/03)'),
(89, 'Week 7 (04/10)');

-- --------------------------------------------------------

--
-- Table structure for table `eboard`
--

CREATE TABLE `eboard` (
  `id` int NOT NULL,
  `position` varchar(255) NOT NULL,
  `usc_id` bigint NOT NULL
) ENGINE=InnoDB DEFAULT CHARSET=utf8mb4 COLLATE=utf8mb4_0900_ai_ci;

--
-- Dumping data for table `eboard`
--

INSERT INTO `eboard` (`id`, `position`, `usc_id`) VALUES
(1, 'Co-Exec', 1743741602),
(2, 'Co-Exec', 8303725054),
(3, 'Elementary School Programming', 1614183454),
(4, 'Middle School Programming', 2710753106),
(5, 'High School Programming', 7358122866),
(6, 'Yearlong Programming', 3180394373),
(7, 'Pass The Can', 2590100013),
(8, 'Gala', 9681577285),
(9, 'Counselor Affairs', 4481172145),
(10, 'Advocacy and Inclusion', 7351053539),
(11, 'Camper Recruitment', 4744881438),
(12, 'Camp', 5795999970),
(13, 'Finance', 4964734528),
(14, 'Communication + Alumni Relations', 3111450282),
(15, 'Public Relations', 3678193011),
(16, 'Grants', 5075772015);

-- --------------------------------------------------------

--
-- Table structure for table `points`
--

CREATE TABLE `points` (
  `id` int NOT NULL,
  `programming_id` int NOT NULL,
  `usc_id` bigint NOT NULL,
  `date_id` int NOT NULL,
  `points` int NOT NULL,
  `credit_id` int NOT NULL
) ENGINE=InnoDB DEFAULT CHARSET=utf8mb4 COLLATE=utf8mb4_0900_ai_ci;

--
-- Dumping data for table `points`
--

INSERT INTO `points` (`id`, `programming_id`, `usc_id`, `date_id`, `points`, `credit_id`) VALUES
(10140, 4, 3546042283, 1, 0, 1),
(10141, 4, 1557911846, 1, 0, 1),
(10142, 4, 1277731923, 1, 0, 1),
(10143, 4, 1515190247, 1, 0, 1),
(10144, 4, 1154370556, 1, 0, 1),
(10145, 4, 9306151467, 1, 0, 1),
(10146, 4, 2208890620, 1, 0, 1),
(10147, 4, 2201547772, 1, 0, 1),
(10148, 4, 5795999970, 1, 0, 1),
(10149, 4, 5742321970, 1, 0, 1),
(10150, 4, 3318543895, 1, 0, 1),
(10151, 4, 7073298658, 2, 0, 1),
(10152, 4, 3678193011, 2, 0, 1),
(10153, 4, 1743741602, 2, 0, 1),
(10154, 4, 6695699936, 2, 0, 1),
(10155, 4, 8879150925, 2, 0, 1),
(10156, 4, 4076363677, 2, 0, 1),
(10157, 4, 1215437428, 2, 0, 1),
(10158, 4, 1277731923, 2, 0, 1),
(10159, 4, 5507892371, 2, 0, 1),
(10160, 4, 9681577285, 2, 0, 1),
(10161, 4, 9509389255, 2, 0, 1),
(10162, 4, 2208890620, 2, 0, 1),
(10163, 4, 9649910496, 2, 0, 1),
(10164, 4, 5795999970, 2, 0, 1),
(10165, 4, 5742321970, 2, 0, 1),
(10166, 4, 7702076049, 2, 0, 1),
(10167, 4, 7073298658, 3, 0, 1),
(10168, 4, 8327170422, 3, 0, 1),
(10169, 4, 1743741602, 3, 0, 1),
(10170, 4, 6140013518, 3, 0, 1),
(10171, 4, 6695699936, 3, 0, 1),
(10172, 4, 8879150925, 3, 0, 1),
(10173, 4, 1215437428, 3, 0, 1),
(10174, 4, 1277731923, 3, 0, 1),
(10175, 4, 5507892371, 3, 0, 1),
(10176, 4, 8084608525, 3, 0, 1),
(10177, 4, 3318543895, 3, 0, 1),
(10178, 4, 7702076049, 3, 0, 1),
(10179, 4, 7073298658, 4, 0, 1),
(10180, 4, 2590100013, 4, 0, 1),
(10181, 4, 8327170422, 4, 0, 1),
(10182, 4, 1743741602, 4, 0, 1),
(10183, 4, 4964734528, 4, 0, 1),
(10184, 4, 6140013518, 4, 0, 1),
(10185, 4, 6695699936, 4, 0, 1),
(10186, 4, 8879150925, 4, 0, 1),
(10187, 4, 4889824168, 4, 0, 1),
(10188, 4, 4076363677, 4, 0, 1),
(10189, 4, 1557911846, 4, 0, 1),
(10190, 4, 1215437428, 4, 0, 1),
(10191, 4, 1277731923, 4, 0, 1),
(10192, 4, 5507892371, 4, 0, 1),
(10193, 4, 3130801638, 4, 0, 1),
(10194, 4, 6790189192, 4, 0, 1),
(10195, 4, 9509389255, 4, 0, 1),
(10196, 4, 6712188473, 4, 0, 1),
(10197, 4, 2208890620, 4, 0, 1),
(10198, 4, 5718089194, 4, 0, 1),
(10199, 4, 5795999970, 4, 0, 1),
(10200, 4, 5742321970, 4, 0, 1),
(10201, 4, 3318543895, 4, 0, 1),
(10202, 4, 7702076049, 4, 0, 1),
(10203, 4, 7073298658, 5, 0, 1),
(10204, 4, 3678193011, 5, 0, 1),
(10205, 4, 4964734528, 5, 0, 1),
(10206, 4, 6695699936, 5, 0, 1),
(10207, 4, 7979826605, 5, 0, 1),
(10208, 4, 8879150925, 5, 0, 1),
(10209, 4, 1557911846, 5, 0, 1),
(10210, 4, 1215437428, 5, 0, 1),
(10211, 4, 1277731923, 5, 0, 1),
(10212, 4, 8084608525, 5, 0, 1),
(10213, 4, 6790189192, 5, 0, 1),
(10214, 4, 9509389255, 5, 0, 1),
(10215, 4, 9306151467, 5, 0, 1),
(10216, 4, 3318543895, 5, 0, 1),
(10217, 4, 7702076049, 5, 0, 1),
(10218, 4, 7073298658, 6, 0, 1),
(10219, 4, 2590100013, 6, 0, 1),
(10220, 4, 2534982388, 6, 0, 1),
(10221, 4, 8879150925, 6, 0, 1),
(10222, 4, 4073084709, 6, 0, 1),
(10223, 4, 1215437428, 6, 0, 1),
(10224, 4, 8084608525, 6, 0, 1),
(10225, 4, 6790189192, 6, 0, 1),
(10226, 4, 9509389255, 6, 0, 1),
(10227, 4, 2208890620, 6, 0, 1),
(10228, 4, 3318543895, 6, 0, 1),
(10229, 4, 7702076049, 6, 0, 1),
(10230, 4, 6695699936, 7, 0, 1),
(10231, 4, 8879150925, 7, 0, 1),
(10232, 4, 4076363677, 7, 0, 1),
(10233, 4, 1215437428, 7, 0, 1),
(10234, 4, 1277731923, 7, 0, 1),
(10235, 4, 5507892371, 7, 0, 1),
(10236, 4, 8084608525, 7, 0, 1),
(10237, 4, 6790189192, 7, 0, 1),
(10238, 4, 6712188473, 7, 0, 1),
(10239, 4, 9649910496, 7, 0, 1),
(10240, 4, 3318543895, 7, 0, 1),
(10241, 4, 8445248099, 7, 0, 1),
(10242, 4, 5004981923, 7, 0, 1),
(10243, 4, 7073298658, 8, 0, 1),
(10244, 4, 3678193011, 8, 0, 1),
(10245, 4, 3324627619, 8, 0, 1),
(10246, 4, 6695699936, 8, 0, 1),
(10247, 4, 8879150925, 8, 0, 1),
(10248, 4, 4073084709, 8, 0, 1),
(10249, 4, 4076363677, 8, 0, 1),
(10250, 4, 1557911846, 8, 0, 1),
(10251, 4, 9151787705, 8, 0, 1),
(10252, 4, 1215437428, 8, 0, 1),
(10253, 4, 1277731923, 8, 0, 1),
(10254, 4, 5507892371, 8, 0, 1),
(10255, 4, 8084608525, 8, 0, 1),
(10256, 4, 6790189192, 8, 0, 1),
(10257, 4, 9509389255, 8, 0, 1),
(10258, 4, 5795999970, 8, 0, 1),
(10259, 4, 5742321970, 8, 0, 1),
(10260, 4, 3318543895, 8, 0, 1),
(10261, 4, 5004981923, 8, 0, 1),
(10262, 4, 7936944032, 1, 0, 2),
(10263, 4, 3324627619, 1, 1, 2),
(10264, 4, 8799739906, 1, 1, 2),
(10265, 4, 7358122866, 1, 1, 2),
(10266, 4, 1557911846, 1, 1, 2),
(10267, 4, 9151787705, 1, 1, 2),
(10268, 4, 1277731923, 1, 1, 2),
(10269, 4, 1515190247, 1, 0, 2),
(10270, 4, 3143319796, 1, 0, 2),
(10271, 4, 4946246218, 1, 1, 2),
(10272, 4, 3130801638, 1, 1, 2),
(10273, 4, 1154370556, 1, 1, 2),
(10274, 4, 9306151467, 1, 1, 2),
(10275, 4, 3318543895, 1, 1, 2),
(10276, 4, 7702076049, 1, 1, 2),
(10277, 4, 4964734528, 2, 0, 2),
(10278, 4, 4076363677, 2, 0, 2),
(10279, 4, 1557911846, 2, 0, 2),
(10280, 4, 1215437428, 2, 0, 2),
(10281, 4, 1277731923, 2, 0, 2),
(10282, 4, 3143319796, 2, 0, 2),
(10283, 4, 9509389255, 2, 0, 2),
(10284, 4, 2166228109, 2, 0, 2),
(10285, 4, 9649910496, 2, 0, 2),
(10286, 4, 5795999970, 2, 0, 2),
(10287, 4, 5004981923, 2, 0, 2),
(10288, 4, 2057607109, 3, 0, 2),
(10289, 4, 3111450282, 3, 0, 2),
(10290, 4, 7073298658, 3, 0, 2),
(10291, 4, 6017045031, 3, 0, 2),
(10292, 4, 6140013518, 3, 0, 2),
(10293, 4, 6695699936, 3, 0, 2),
(10294, 4, 4076363677, 3, 0, 2),
(10295, 4, 9151787705, 3, 0, 2),
(10296, 4, 5507892371, 3, 0, 2),
(10297, 4, 6712188473, 3, 0, 2),
(10298, 4, 2208890620, 3, 0, 2),
(10299, 4, 3318543895, 3, 0, 2),
(10300, 4, 5634618837, 3, 0, 2),
(10301, 4, 6559358808, 3, 0, 2),
(10302, 4, 3111450282, 4, 0, 2),
(10303, 4, 7073298658, 4, 0, 2),
(10304, 4, 4744881438, 4, 0, 2),
(10305, 4, 3324627619, 4, 0, 2),
(10306, 4, 6695699936, 4, 0, 2),
(10307, 4, 7979826605, 4, 0, 2),
(10308, 4, 4889824168, 4, 0, 2),
(10309, 4, 4073084709, 4, 0, 2),
(10310, 4, 9151787705, 4, 0, 2),
(10311, 4, 1215437428, 4, 0, 2),
(10312, 4, 1277731923, 4, 0, 2),
(10313, 4, 5507892371, 4, 0, 2),
(10314, 4, 3143319796, 4, 0, 2),
(10315, 4, 9509389255, 4, 0, 2),
(10316, 4, 9306151467, 4, 0, 2),
(10317, 4, 5795999970, 4, 0, 2),
(10318, 4, 5742321970, 4, 0, 2),
(10319, 4, 3318543895, 4, 0, 2),
(10320, 4, 7702076049, 4, 0, 2),
(10321, 4, 8073585802, 4, 0, 2),
(10322, 4, 4481172145, 5, 1, 2),
(10323, 4, 2288046566, 5, 0, 2),
(10324, 4, 4964734528, 5, 0, 2),
(10325, 4, 7979826605, 5, 1, 2),
(10326, 4, 9151787705, 5, 0, 2),
(10327, 4, 1215437428, 5, 0, 2),
(10328, 4, 1277731923, 5, 0, 2),
(10329, 4, 9306151467, 5, 0, 2),
(10330, 4, 9649910496, 5, 0, 2),
(10331, 4, 3318543895, 5, 0, 2),
(10332, 4, 8073585802, 5, 1, 2),
(10333, 4, 1895266425, 5, 0, 2),
(10334, 4, 7073298658, 6, 0, 2),
(10335, 4, 4744881438, 6, 0, 2),
(10336, 4, 8327170422, 6, 0, 2),
(10337, 4, 2311248120, 6, 0, 2),
(10338, 4, 3324627619, 6, 0, 2),
(10339, 4, 4964734528, 6, 0, 2),
(10340, 4, 8879150925, 6, 0, 2),
(10341, 4, 4889824168, 6, 0, 2),
(10342, 4, 4073084709, 6, 0, 2),
(10343, 4, 9151787705, 6, 0, 2),
(10344, 4, 1215437428, 6, 0, 2),
(10345, 4, 5507892371, 6, 0, 2),
(10346, 4, 6790189192, 6, 0, 2),
(10347, 4, 1154370556, 6, 0, 2),
(10348, 4, 2208890620, 6, 0, 2),
(10349, 4, 9649910496, 6, 0, 2),
(10350, 4, 3318543895, 6, 0, 2),
(10351, 4, 5634618837, 6, 0, 2),
(10352, 4, 8327170422, 7, 0, 2),
(10353, 4, 6695699936, 7, 0, 2),
(10354, 4, 4889824168, 7, 0, 2),
(10355, 4, 1021144616, 7, 0, 2),
(10356, 4, 1557911846, 7, 0, 2),
(10357, 4, 9151787705, 7, 0, 2),
(10358, 4, 1215437428, 7, 0, 2),
(10359, 4, 1277731923, 7, 0, 2),
(10360, 4, 5507892371, 7, 0, 2),
(10361, 4, 8084608525, 7, 0, 2),
(10362, 4, 1154370556, 7, 0, 2),
(10363, 4, 9649910496, 7, 0, 2),
(10364, 4, 5742321970, 7, 0, 2),
(10365, 4, 8445248099, 7, 0, 2),
(10366, 4, 7335549719, 7, 1, 2),
(10367, 4, 5004981923, 7, 0, 2),
(10368, 4, 2132294369, 7, 0, 2),
(10369, 4, 2924451599, 7, 0, 2),
(10370, 4, 5354403258, 7, 0, 2),
(10371, 4, 5948077798, 7, 0, 2),
(10372, 4, 2101585113, 7, 0, 2),
(10373, 4, 3111450282, 8, 0, 2),
(10374, 4, 6695699936, 8, 0, 2),
(10375, 4, 4889824168, 8, 0, 2),
(10376, 4, 1557911846, 8, 0, 2),
(10377, 4, 9151787705, 8, 0, 2),
(10378, 4, 1215437428, 8, 0, 2),
(10379, 4, 6618082597, 8, 1, 2),
(10380, 4, 1277731923, 8, 0, 2),
(10381, 4, 3130801638, 8, 0, 2),
(10382, 4, 6790189192, 8, 0, 2),
(10383, 4, 1154370556, 8, 0, 2),
(10384, 4, 3192542506, 8, 1, 2),
(10385, 4, 5795999970, 8, 0, 2),
(10386, 4, 5742321970, 8, 0, 2),
(10387, 4, 3318543895, 8, 0, 2),
(10388, 4, 6112308121, 8, 1, 2),
(10389, 4, 3805153986, 8, 1, 2),
(10390, 1, 2057607109, 9, 0, 1),
(10391, 1, 2311248120, 9, 0, 1),
(10392, 1, 6695699936, 9, 0, 1),
(10393, 1, 8879150925, 9, 0, 1),
(10394, 1, 4076363677, 9, 0, 1),
(10395, 1, 4889364207, 9, 0, 1),
(10396, 1, 1277731923, 9, 0, 1),
(10397, 1, 3983790974, 9, 0, 1),
(10398, 1, 1896394823, 9, 0, 1),
(10399, 1, 2970860175, 9, 0, 1),
(10400, 1, 8671403230, 9, 0, 1),
(10401, 1, 1755800571, 9, 0, 1),
(10402, 1, 9649910496, 9, 0, 1),
(10403, 1, 5742321970, 9, 0, 1),
(10404, 1, 8458901761, 9, 0, 1),
(10405, 1, 8073585802, 9, 0, 1),
(10406, 1, 8178892734, 9, 0, 1),
(10407, 1, 8964702706, 9, 0, 1),
(10408, 1, 7469678058, 9, 0, 1),
(10409, 1, 3888097718, 9, 0, 1),
(10410, 1, 5525437808, 9, 0, 1),
(10411, 1, 5511704511, 9, 0, 1),
(10412, 1, 1426278728, 9, 0, 1),
(10413, 1, 2311248120, 10, 0, 1),
(10414, 1, 1277731923, 10, 0, 1),
(10415, 1, 9509389255, 10, 0, 1),
(10416, 1, 1896394823, 10, 0, 1),
(10417, 1, 1755800571, 10, 0, 1),
(10418, 1, 9570689751, 10, 0, 1),
(10419, 1, 5742321970, 10, 0, 1),
(10420, 1, 8073585802, 10, 0, 1),
(10421, 1, 8178892734, 10, 0, 1),
(10422, 1, 8964702706, 10, 0, 1),
(10423, 1, 7469678058, 10, 0, 1),
(10424, 1, 3888097718, 10, 0, 1),
(10425, 1, 5525437808, 10, 0, 1),
(10426, 1, 5511704511, 10, 0, 1),
(10427, 1, 1426278728, 10, 0, 1),
(10428, 1, 4889824168, 11, 0, 1),
(10429, 1, 1896394823, 11, 0, 1),
(10430, 1, 9570689751, 11, 0, 1),
(10431, 1, 5742321970, 11, 0, 1),
(10432, 1, 8073585802, 11, 0, 1),
(10433, 1, 8178892734, 11, 0, 1),
(10434, 1, 8964702706, 11, 0, 1),
(10435, 1, 7469678058, 11, 0, 1),
(10436, 1, 3888097718, 11, 0, 1),
(10437, 1, 5525437808, 11, 0, 1),
(10438, 1, 5511704511, 11, 0, 1),
(10439, 1, 1426278728, 11, 0, 1),
(10440, 1, 8879150925, 12, 0, 1),
(10441, 1, 4889824168, 12, 0, 1),
(10442, 1, 4076363677, 12, 0, 1),
(10443, 1, 5507892371, 12, 0, 1),
(10444, 1, 9509389255, 12, 0, 1),
(10445, 1, 1896394823, 12, 0, 1),
(10446, 1, 1755800571, 12, 0, 1),
(10447, 1, 9649910496, 12, 0, 1),
(10448, 1, 8073585802, 12, 0, 1),
(10449, 1, 8178892734, 12, 0, 1),
(10450, 1, 8964702706, 12, 0, 1),
(10451, 1, 7469678058, 12, 0, 1),
(10452, 1, 3888097718, 12, 0, 1),
(10453, 1, 5525437808, 12, 0, 1),
(10454, 1, 5511704511, 12, 0, 1),
(10455, 1, 1426278728, 12, 0, 1),
(10456, 1, 2311248120, 13, 0, 1),
(10457, 1, 4889824168, 13, 0, 1),
(10458, 1, 6712188473, 13, 0, 1),
(10459, 1, 1896394823, 13, 0, 1),
(10460, 1, 1755800571, 13, 0, 1),
(10461, 1, 9649910496, 13, 0, 1),
(10462, 1, 7469678058, 13, 0, 1),
(10463, 1, 1426278728, 13, 0, 1),
(10464, 1, 3111450282, 14, 0, 1),
(10465, 1, 3678193011, 14, 0, 1),
(10466, 1, 2311248120, 14, 0, 1),
(10467, 1, 6695699936, 14, 0, 1),
(10468, 1, 8879150925, 14, 0, 1),
(10469, 1, 1277731923, 14, 0, 1),
(10470, 1, 5507892371, 14, 0, 1),
(10471, 1, 6847630306, 14, 0, 1),
(10472, 1, 3983790974, 14, 0, 1),
(10473, 1, 9509389255, 14, 0, 1),
(10474, 1, 6712188473, 14, 0, 1),
(10475, 1, 1896394823, 14, 0, 1),
(10476, 1, 8671403230, 14, 0, 1),
(10477, 1, 1755800571, 14, 0, 1),
(10478, 1, 9570689751, 14, 0, 1),
(10479, 1, 9649910496, 14, 0, 1),
(10480, 1, 7136447410, 14, 0, 1),
(10481, 1, 5742321970, 14, 0, 1),
(10482, 1, 8073585802, 14, 0, 1),
(10483, 1, 8178892734, 14, 0, 1),
(10484, 1, 7469678058, 14, 0, 1),
(10485, 1, 3888097718, 14, 0, 1),
(10486, 1, 5525437808, 14, 0, 1),
(10487, 1, 5511704511, 14, 0, 1),
(10488, 1, 3111450282, 15, 0, 1),
(10489, 1, 2311248120, 15, 0, 1),
(10490, 1, 6695699936, 15, 0, 1),
(10491, 1, 4889824168, 15, 0, 1),
(10492, 1, 9509389255, 15, 0, 1),
(10493, 1, 1896394823, 15, 0, 1),
(10494, 1, 9649910496, 15, 0, 1),
(10495, 1, 3678193011, 16, 0, 1),
(10496, 1, 2311248120, 16, 0, 1),
(10497, 1, 6695699936, 16, 0, 1),
(10498, 1, 8879150925, 16, 0, 1),
(10499, 1, 4073084709, 16, 0, 1),
(10500, 1, 4076363677, 16, 0, 1),
(10501, 1, 1277731923, 16, 0, 1),
(10502, 1, 5507892371, 16, 0, 1),
(10503, 1, 6847630306, 16, 0, 1),
(10504, 1, 3983790974, 16, 0, 1),
(10505, 1, 4946246218, 16, 0, 1),
(10506, 1, 9509389255, 16, 0, 1),
(10507, 1, 6712188473, 16, 0, 1),
(10508, 1, 1896394823, 16, 0, 1),
(10509, 1, 2970860175, 16, 0, 1),
(10510, 1, 9649910496, 16, 0, 1),
(10511, 1, 7726603789, 16, 0, 1),
(10512, 1, 8458901761, 16, 0, 1),
(10513, 1, 8178892734, 16, 0, 1),
(10514, 1, 8964702706, 16, 0, 1),
(10515, 1, 3111450282, 17, 0, 1),
(10516, 1, 6695699936, 17, 0, 1),
(10517, 1, 8879150925, 17, 0, 1),
(10518, 1, 4889824168, 17, 0, 1),
(10519, 1, 1277731923, 17, 0, 1),
(10520, 1, 6712188473, 17, 0, 1),
(10521, 1, 1896394823, 17, 0, 1),
(10522, 1, 9649910496, 17, 0, 1),
(10523, 1, 8178892734, 17, 0, 1),
(10524, 1, 7469678058, 17, 0, 1),
(10525, 1, 3678193011, 18, 0, 1),
(10526, 1, 4481172145, 18, 0, 1),
(10527, 1, 2311248120, 18, 0, 1),
(10528, 1, 4076363677, 18, 0, 1),
(10529, 1, 9010001314, 18, 0, 1),
(10530, 1, 5507892371, 18, 0, 1),
(10531, 1, 9509389255, 18, 0, 1),
(10532, 1, 6712188473, 18, 0, 1),
(10533, 1, 2970860175, 18, 0, 1),
(10534, 1, 5718089194, 18, 0, 1),
(10535, 1, 8458901761, 18, 0, 1),
(10536, 1, 3893615006, 18, 0, 1),
(10537, 1, 9120929363, 18, 0, 1),
(10538, 1, 4031150842, 18, 0, 1),
(10539, 1, 7642732374, 18, 0, 1),
(10540, 1, 2132294369, 18, 0, 1),
(10541, 1, 2924451599, 18, 0, 1),
(10542, 1, 2025969846, 18, 0, 1),
(10543, 1, 5948077798, 18, 0, 1),
(10544, 1, 5318899370, 18, 0, 1),
(10545, 1, 7996624369, 18, 0, 1),
(10546, 1, 4446516868, 18, 0, 1),
(10547, 1, 6578053214, 18, 0, 1),
(10548, 1, 3678193011, 19, 0, 1),
(10549, 1, 4481172145, 19, 0, 1),
(10550, 1, 2311248120, 19, 0, 1),
(10551, 1, 4076363677, 19, 0, 1),
(10552, 1, 1557911846, 19, 0, 1),
(10553, 1, 9010001314, 19, 0, 1),
(10554, 1, 9509389255, 19, 0, 1),
(10555, 1, 6712188473, 19, 0, 1),
(10556, 1, 9120929363, 19, 0, 1),
(10557, 1, 4031150842, 19, 0, 1),
(10558, 1, 7642732374, 19, 0, 1),
(10559, 1, 2132294369, 19, 0, 1),
(10560, 1, 2924451599, 19, 0, 1),
(10561, 1, 2025969846, 19, 0, 1),
(10562, 1, 5948077798, 19, 0, 1),
(10563, 1, 5318899370, 19, 0, 1),
(10564, 1, 7996624369, 19, 0, 1),
(10565, 1, 4446516868, 19, 0, 1),
(10566, 1, 6578053214, 19, 0, 1),
(10567, 1, 3678193011, 20, 0, 1),
(10568, 1, 2590100013, 20, 0, 1),
(10569, 1, 8430099755, 20, 0, 1),
(10570, 1, 4076363677, 20, 0, 1),
(10571, 1, 9010001314, 20, 0, 1),
(10572, 1, 9509389255, 20, 0, 1),
(10573, 1, 4031150842, 20, 0, 1),
(10574, 1, 7642732374, 20, 0, 1),
(10575, 1, 2132294369, 20, 0, 1),
(10576, 1, 2924451599, 20, 0, 1),
(10577, 1, 2025969846, 20, 0, 1),
(10578, 1, 5948077798, 20, 0, 1),
(10579, 1, 5318899370, 20, 0, 1),
(10580, 1, 7996624369, 20, 0, 1),
(10581, 1, 4446516868, 20, 0, 1),
(10582, 1, 6578053214, 20, 0, 1),
(10583, 1, 3678193011, 21, 0, 1),
(10584, 1, 9010001314, 21, 0, 1),
(10585, 1, 5507892371, 21, 0, 1),
(10586, 1, 9509389255, 21, 0, 1),
(10587, 1, 1896394823, 21, 0, 1),
(10588, 1, 7136447410, 21, 0, 1),
(10589, 1, 4031150842, 21, 0, 1),
(10590, 1, 7642732374, 21, 0, 1),
(10591, 1, 2132294369, 21, 0, 1),
(10592, 1, 2924451599, 21, 0, 1),
(10593, 1, 2025969846, 21, 0, 1),
(10594, 1, 5948077798, 21, 0, 1),
(10595, 1, 5318899370, 21, 0, 1),
(10596, 1, 7996624369, 21, 0, 1),
(10597, 1, 4446516868, 21, 0, 1),
(10598, 1, 6578053214, 21, 0, 1),
(10599, 1, 3678193011, 22, 0, 1),
(10600, 1, 2311248120, 22, 0, 1),
(10601, 1, 4076363677, 22, 0, 1),
(10602, 1, 1557911846, 22, 0, 1),
(10603, 1, 9010001314, 22, 0, 1),
(10604, 1, 5507892371, 22, 0, 1),
(10605, 1, 9509389255, 22, 0, 1),
(10606, 1, 1896394823, 22, 0, 1),
(10607, 1, 1755800571, 22, 0, 1),
(10608, 1, 7136447410, 22, 0, 1),
(10609, 1, 4031150842, 22, 0, 1),
(10610, 1, 7642732374, 22, 0, 1),
(10611, 1, 2132294369, 22, 0, 1),
(10612, 1, 2924451599, 22, 0, 1),
(10613, 1, 2025969846, 22, 0, 1),
(10614, 1, 5948077798, 22, 0, 1),
(10615, 1, 5318899370, 22, 0, 1),
(10616, 1, 7996624369, 22, 0, 1),
(10617, 1, 4446516868, 22, 0, 1),
(10618, 1, 6578053214, 22, 0, 1),
(10619, 1, 3111450282, 23, 0, 1),
(10620, 1, 3678193011, 23, 0, 1),
(10621, 1, 2311248120, 23, 0, 1),
(10622, 1, 4076363677, 23, 0, 1),
(10623, 1, 4889364207, 23, 0, 1),
(10624, 1, 1557911846, 23, 0, 1),
(10625, 1, 9010001314, 23, 0, 1),
(10626, 1, 5507892371, 23, 0, 1),
(10627, 1, 9681577285, 23, 0, 1),
(10628, 1, 3143319796, 23, 0, 1),
(10629, 1, 9509389255, 23, 0, 1),
(10630, 1, 6712188473, 23, 0, 1),
(10631, 1, 1896394823, 23, 0, 1),
(10632, 1, 2970860175, 23, 0, 1),
(10633, 1, 3855904781, 23, 0, 1),
(10634, 1, 3760501449, 23, 0, 1),
(10635, 1, 7136447410, 23, 0, 1),
(10636, 1, 8964702706, 23, 0, 1),
(10637, 1, 4031150842, 23, 0, 1),
(10638, 1, 7642732374, 23, 0, 1),
(10639, 1, 2132294369, 23, 0, 1),
(10640, 1, 2924451599, 23, 0, 1),
(10641, 1, 5318899370, 23, 0, 1),
(10642, 1, 4446516868, 23, 0, 1),
(10643, 1, 3678193011, 24, 0, 1),
(10644, 1, 9010001314, 24, 0, 1),
(10645, 1, 5507892371, 24, 0, 1),
(10646, 1, 9509389255, 24, 0, 1),
(10647, 1, 6712188473, 24, 0, 1),
(10648, 1, 1896394823, 24, 0, 1),
(10649, 1, 1755800571, 24, 0, 1),
(10650, 1, 4031150842, 24, 0, 1),
(10651, 1, 7642732374, 24, 0, 1),
(10652, 1, 5318899370, 24, 0, 1),
(10653, 1, 4446516868, 24, 0, 1),
(10654, 1, 2311248120, 25, 1, 2),
(10655, 1, 4076363677, 25, 1, 2),
(10656, 1, 3983790974, 25, 0, 2),
(10657, 1, 4946246218, 25, 1, 2),
(10658, 1, 1896394823, 25, 1, 2),
(10659, 1, 1755800571, 25, 1, 2),
(10660, 1, 9570689751, 25, 1, 2),
(10661, 1, 9649910496, 25, 0, 2),
(10662, 1, 8458901761, 25, 0, 2),
(10663, 1, 8073585802, 25, 0, 2),
(10664, 1, 8178892734, 25, 0, 2),
(10665, 1, 8964702706, 25, 0, 2),
(10666, 1, 7469678058, 25, 0, 2),
(10667, 1, 3888097718, 25, 0, 2),
(10668, 1, 5525437808, 25, 0, 2),
(10669, 1, 5511704511, 25, 0, 2),
(10670, 1, 1426278728, 25, 0, 2),
(10671, 1, 9776625539, 9, 1, 2),
(10672, 1, 3532408513, 9, 1, 2),
(10673, 1, 5507892371, 9, 1, 2),
(10674, 1, 4946246218, 9, 1, 2),
(10675, 1, 7136447410, 9, 1, 2),
(10676, 1, 8458901761, 9, 1, 2),
(10677, 1, 8073585802, 9, 0, 2),
(10678, 1, 8178892734, 9, 0, 2),
(10679, 1, 8964702706, 9, 0, 2),
(10680, 1, 7469678058, 9, 0, 2),
(10681, 1, 3888097718, 9, 0, 2),
(10682, 1, 5525437808, 9, 0, 2),
(10683, 1, 5511704511, 9, 0, 2),
(10684, 1, 1426278728, 9, 0, 2),
(10685, 1, 4889824168, 10, 1, 2),
(10686, 1, 9509389255, 10, 0, 2),
(10687, 1, 1755800571, 10, 1, 2),
(10688, 1, 9570689751, 10, 1, 2),
(10689, 1, 5742321970, 10, 1, 2),
(10690, 1, 8458901761, 10, 1, 2),
(10691, 1, 8073585802, 10, 0, 2),
(10692, 1, 8178892734, 10, 0, 2),
(10693, 1, 8964702706, 10, 0, 2),
(10694, 1, 7469678058, 10, 0, 2),
(10695, 1, 3888097718, 10, 0, 2),
(10696, 1, 5525437808, 10, 0, 2),
(10697, 1, 5511704511, 10, 0, 2),
(10698, 1, 1426278728, 10, 0, 2),
(10699, 1, 3678193011, 11, 1, 2),
(10700, 1, 8879150925, 11, 0, 2),
(10701, 1, 1277731923, 11, 1, 2),
(10702, 1, 5507892371, 11, 1, 2),
(10703, 1, 3983790974, 11, 1, 2),
(10704, 1, 2970860175, 11, 0, 2),
(10705, 1, 8671403230, 11, 1, 2),
(10706, 1, 9649910496, 11, 0, 2),
(10707, 1, 7726603789, 11, 1, 2),
(10708, 1, 8073585802, 11, 0, 2),
(10709, 1, 8178892734, 11, 0, 2),
(10710, 1, 8964702706, 11, 0, 2),
(10711, 1, 7469678058, 11, 0, 2),
(10712, 1, 3888097718, 11, 0, 2),
(10713, 1, 5525437808, 11, 0, 2),
(10714, 1, 5511704511, 11, 0, 2),
(10715, 1, 1426278728, 11, 0, 2),
(10716, 1, 2311248120, 12, 1, 2),
(10717, 1, 6695699936, 12, 1, 2),
(10718, 1, 4889824168, 12, 1, 2),
(10719, 1, 1277731923, 12, 0, 2),
(10720, 1, 5507892371, 12, 0, 2),
(10721, 1, 3983790974, 12, 0, 2),
(10722, 1, 9570689751, 12, 1, 2),
(10723, 1, 9649910496, 12, 1, 2),
(10724, 1, 3111450282, 13, 1, 2),
(10725, 1, 6695699936, 13, 1, 2),
(10726, 1, 8879150925, 13, 1, 2),
(10727, 1, 1277731923, 13, 0, 2),
(10728, 1, 6847630306, 13, 1, 2),
(10729, 1, 1896394823, 13, 1, 2),
(10730, 1, 8671403230, 13, 1, 2),
(10731, 1, 9649910496, 13, 0, 2),
(10732, 1, 8458901761, 13, 1, 2),
(10733, 1, 5511704511, 13, 1, 2),
(10734, 1, 3111450282, 14, 1, 2),
(10735, 1, 3532408513, 14, 1, 2),
(10736, 1, 6695699936, 14, 1, 2),
(10737, 1, 1277731923, 14, 0, 2),
(10738, 1, 3983790974, 14, 0, 2),
(10739, 1, 4946246218, 14, 1, 2),
(10740, 1, 1755800571, 14, 0, 2),
(10741, 1, 9570689751, 14, 1, 2),
(10742, 1, 7726603789, 14, 1, 2),
(10743, 1, 7136447410, 14, 0, 2),
(10744, 1, 5742321970, 14, 1, 2),
(10745, 1, 3678193011, 15, 1, 2),
(10746, 1, 2311248120, 15, 0, 2),
(10747, 1, 3532408513, 15, 1, 2),
(10748, 1, 8879150925, 15, 1, 2),
(10749, 1, 4073084709, 15, 1, 2),
(10750, 1, 4076363677, 15, 1, 2),
(10751, 1, 1277731923, 15, 0, 2),
(10752, 1, 5507892371, 15, 1, 2),
(10753, 1, 1896394823, 15, 1, 2),
(10754, 1, 8671403230, 15, 1, 2),
(10755, 1, 9570689751, 15, 1, 2),
(10756, 1, 7136447410, 15, 1, 2),
(10757, 1, 8178892734, 15, 1, 2),
(10758, 1, 3111450282, 17, 1, 2),
(10759, 1, 6695699936, 17, 1, 2),
(10760, 1, 1277731923, 17, 0, 2),
(10761, 1, 3983790974, 17, 1, 2),
(10762, 1, 8671403230, 17, 1, 2),
(10763, 1, 1755800571, 17, 0, 2),
(10764, 1, 9570689751, 17, 1, 2),
(10765, 1, 7726603789, 17, 1, 2),
(10766, 1, 5742321970, 17, 1, 2),
(10767, 1, 7469678058, 17, 1, 2),
(10768, 1, 5525437808, 17, 1, 2),
(10769, 1, 3678193011, 18, 0, 2),
(10770, 1, 4481172145, 18, 0, 2),
(10771, 1, 4076363677, 18, 0, 2),
(10772, 1, 1557911846, 18, 1, 2),
(10773, 1, 9010001314, 18, 0, 2),
(10774, 1, 5507892371, 18, 1, 2),
(10775, 1, 9509389255, 18, 0, 2),
(10776, 1, 7136447410, 18, 0, 2),
(10777, 1, 9120929363, 18, 0, 2),
(10778, 1, 4031150842, 18, 0, 2),
(10779, 1, 7642732374, 18, 0, 2),
(10780, 1, 2132294369, 18, 0, 2),
(10781, 1, 2924451599, 18, 0, 2),
(10782, 1, 2025969846, 18, 0, 2),
(10783, 1, 5948077798, 18, 0, 2),
(10784, 1, 5318899370, 18, 0, 2),
(10785, 1, 7996624369, 18, 0, 2),
(10786, 1, 4446516868, 18, 0, 2),
(10787, 1, 6578053214, 18, 0, 2),
(10788, 1, 3678193011, 26, 0, 2),
(10789, 1, 3532408513, 26, 0, 2),
(10790, 1, 4076363677, 26, 0, 2),
(10791, 1, 9010001314, 26, 0, 2),
(10792, 1, 5507892371, 26, 0, 2),
(10793, 1, 1896394823, 26, 0, 2),
(10794, 1, 3855904781, 26, 0, 2),
(10795, 1, 3760501449, 26, 0, 2),
(10796, 1, 7136447410, 26, 0, 2),
(10797, 1, 4031150842, 26, 0, 2),
(10798, 1, 7642732374, 26, 0, 2),
(10799, 1, 2132294369, 26, 0, 2),
(10800, 1, 2924451599, 26, 0, 2),
(10801, 1, 2025969846, 26, 0, 2),
(10802, 1, 5948077798, 26, 0, 2),
(10803, 1, 5318899370, 26, 0, 2),
(10804, 1, 7996624369, 26, 0, 2),
(10805, 1, 4446516868, 26, 0, 2),
(10806, 1, 6578053214, 26, 0, 2),
(10807, 1, 3111450282, 27, 1, 2),
(10808, 1, 8327170422, 27, 1, 2),
(10809, 1, 4889364207, 27, 1, 2),
(10810, 1, 9010001314, 27, 0, 2),
(10811, 1, 9509389255, 27, 0, 2),
(10812, 1, 6712188473, 27, 1, 2),
(10813, 1, 1896394823, 27, 0, 2),
(10814, 1, 3855904781, 27, 1, 2),
(10815, 1, 3760501449, 27, 1, 2),
(10816, 1, 7726603789, 27, 1, 2),
(10817, 1, 7136447410, 27, 1, 2),
(10818, 1, 8073585802, 27, 1, 2),
(10819, 1, 4031150842, 27, 0, 2),
(10820, 1, 7642732374, 27, 0, 2),
(10821, 1, 2132294369, 27, 0, 2),
(10822, 1, 2924451599, 27, 0, 2),
(10823, 1, 2025969846, 27, 0, 2),
(10824, 1, 5948077798, 27, 0, 2),
(10825, 1, 5318899370, 27, 0, 2),
(10826, 1, 7996624369, 27, 0, 2),
(10827, 1, 4446516868, 27, 0, 2),
(10828, 1, 6578053214, 27, 0, 2),
(10829, 1, 3678193011, 22, 1, 2),
(10830, 1, 9010001314, 22, 0, 2),
(10831, 1, 5507892371, 22, 0, 2),
(10832, 1, 3130801638, 22, 1, 2),
(10833, 1, 1896394823, 22, 0, 2),
(10834, 1, 7726603789, 22, 1, 2),
(10835, 1, 7136447410, 22, 0, 2),
(10836, 1, 3893615006, 22, 1, 2),
(10837, 1, 5948077798, 22, 0, 2),
(10838, 1, 4481172145, 28, 1, 2),
(10839, 1, 1557911846, 28, 1, 2),
(10840, 1, 9010001314, 28, 0, 2),
(10841, 1, 9681577285, 28, 1, 2),
(10842, 1, 5718089194, 28, 1, 2),
(10843, 1, 7726603789, 28, 1, 2),
(10844, 1, 3893615006, 28, 1, 2),
(10845, 1, 2025969846, 28, 1, 2),
(10846, 1, 5318899370, 28, 1, 2),
(10847, 1, 3111450282, 23, 1, 2),
(10848, 1, 2590100013, 23, 1, 2),
(10849, 1, 9010001314, 23, 0, 2),
(10850, 1, 5507892371, 23, 0, 2),
(10851, 1, 3143319796, 23, 1, 2),
(10852, 1, 1896394823, 23, 0, 2),
(10853, 1, 2970860175, 23, 1, 2),
(10854, 1, 3855904781, 23, 1, 2),
(10855, 1, 3760501449, 23, 1, 2),
(10856, 1, 1755800571, 23, 1, 2),
(10857, 1, 3893615006, 23, 1, 2),
(10858, 1, 3888097718, 23, 1, 2),
(10859, 1, 7996624369, 23, 1, 2),
(10860, 1, 4446516868, 23, 0, 2),
(10861, 1, 3678193011, 24, 1, 2),
(10862, 1, 2590100013, 24, 1, 2),
(10863, 1, 4481172145, 24, 1, 2),
(10864, 1, 1557911846, 24, 1, 2),
(10865, 1, 9010001314, 24, 0, 2),
(10866, 1, 5507892371, 24, 0, 2),
(10867, 1, 1896394823, 24, 0, 2),
(10868, 1, 8458901761, 24, 1, 2),
(10869, 5, 7437346078, 29, 0, 2),
(10870, 5, 8548415823, 29, 0, 2),
(10871, 5, 6949373616, 29, 0, 2),
(10872, 5, 6618082597, 29, 0, 2),
(10873, 5, 8074085537, 29, 0, 2),
(10874, 5, 9618875534, 29, 0, 2),
(10875, 5, 7087334980, 29, 0, 2),
(10876, 5, 9570689751, 29, 0, 2),
(10877, 5, 7726603789, 29, 0, 2),
(10878, 5, 5961610907, 29, 0, 2),
(10879, 5, 9135285376, 29, 0, 2),
(10880, 5, 5281472873, 29, 0, 2),
(10881, 5, 3318543895, 29, 0, 2),
(10882, 5, 7551557955, 29, 0, 2),
(10883, 5, 7702076049, 29, 0, 2),
(10884, 5, 4424994437, 29, 0, 2),
(10885, 5, 6445397530, 29, 0, 2),
(10886, 5, 6195444082, 29, 0, 2),
(10887, 5, 3708278996, 29, 0, 2),
(10888, 5, 7437346078, 30, 0, 2),
(10889, 5, 8548415823, 30, 0, 2),
(10890, 5, 6949373616, 30, 0, 2),
(10891, 5, 1215437428, 30, 0, 2),
(10892, 5, 6618082597, 30, 0, 2),
(10893, 5, 9010001314, 30, 0, 2),
(10894, 5, 5507892371, 30, 0, 2),
(10895, 5, 4946246218, 30, 0, 2),
(10896, 5, 3130801638, 30, 0, 2),
(10897, 5, 9306151467, 30, 0, 2),
(10898, 5, 9618875534, 30, 0, 2),
(10899, 5, 1896394823, 30, 0, 2),
(10900, 5, 7087334980, 30, 0, 2),
(10901, 5, 9570689751, 30, 0, 2),
(10902, 5, 7726603789, 30, 0, 2),
(10903, 5, 7136447410, 30, 0, 2),
(10904, 5, 8493070079, 30, 0, 2),
(10905, 5, 5961610907, 30, 0, 2),
(10906, 5, 9135285376, 30, 0, 2),
(10907, 5, 5281472873, 30, 0, 2),
(10908, 5, 7551557955, 30, 0, 2),
(10909, 5, 7702076049, 30, 0, 2),
(10910, 5, 4424994437, 30, 0, 2),
(10911, 5, 6445397530, 30, 0, 2),
(10912, 5, 6195444082, 30, 0, 2),
(10913, 5, 3708278996, 30, 0, 2),
(10914, 5, 6801890273, 30, 0, 2),
(10915, 5, 7437346078, 31, 0, 2),
(10916, 5, 8548415823, 31, 0, 2),
(10917, 5, 8879150925, 31, 0, 2),
(10918, 5, 6949373616, 31, 0, 2),
(10919, 5, 1215437428, 31, 0, 2),
(10920, 5, 6618082597, 31, 0, 2),
(10921, 5, 9010001314, 31, 0, 2),
(10922, 5, 5507892371, 31, 0, 2),
(10923, 5, 3983790974, 31, 0, 2),
(10924, 5, 4946246218, 31, 0, 2),
(10925, 5, 9306151467, 31, 0, 2),
(10926, 5, 9618875534, 31, 0, 2),
(10927, 5, 1896394823, 31, 0, 2),
(10928, 5, 7087334980, 31, 0, 2),
(10929, 5, 2970860175, 31, 0, 2),
(10930, 5, 9570689751, 31, 0, 2),
(10931, 5, 2201547772, 31, 0, 2),
(10932, 5, 9649910496, 31, 0, 2),
(10933, 5, 7726603789, 31, 0, 2),
(10934, 5, 7136447410, 31, 0, 2),
(10935, 5, 8493070079, 31, 0, 2),
(10936, 5, 5961610907, 31, 0, 2),
(10937, 5, 9135285376, 31, 0, 2),
(10938, 5, 5281472873, 31, 0, 2),
(10939, 5, 3318543895, 31, 0, 2),
(10940, 5, 7551557955, 31, 0, 2),
(10941, 5, 2719890638, 31, 0, 2),
(10942, 5, 7702076049, 31, 0, 2),
(10943, 5, 4424994437, 31, 0, 2),
(10944, 5, 6445397530, 31, 0, 2),
(10945, 5, 6195444082, 31, 0, 2),
(10946, 5, 3708278996, 31, 0, 2),
(10947, 5, 1398652770, 31, 0, 2),
(10948, 5, 3605945870, 31, 0, 2),
(10949, 5, 7989167094, 31, 0, 2),
(10950, 5, 7437346078, 32, 0, 2),
(10951, 5, 8430099755, 32, 0, 2),
(10952, 5, 8548415823, 32, 0, 2),
(10953, 5, 6949373616, 32, 0, 2),
(10954, 5, 1215437428, 32, 0, 2),
(10955, 5, 6618082597, 32, 0, 2),
(10956, 5, 9010001314, 32, 0, 2),
(10957, 5, 5507892371, 32, 0, 2),
(10958, 5, 3983790974, 32, 0, 2),
(10959, 5, 2390734288, 32, 0, 2),
(10960, 5, 9306151467, 32, 0, 2),
(10961, 5, 9618875534, 32, 0, 2),
(10962, 5, 1896394823, 32, 0, 2),
(10963, 5, 7087334980, 32, 0, 2),
(10964, 5, 2970860175, 32, 0, 2),
(10965, 5, 9073271965, 32, 0, 2),
(10966, 5, 9570689751, 32, 0, 2),
(10967, 5, 9649910496, 32, 0, 2),
(10968, 5, 7726603789, 32, 0, 2),
(10969, 5, 7136447410, 32, 0, 2),
(10970, 5, 8493070079, 32, 0, 2),
(10971, 5, 5961610907, 32, 0, 2),
(10972, 5, 9135285376, 32, 0, 2),
(10973, 5, 5742321970, 32, 0, 2),
(10974, 5, 8341117479, 32, 0, 2),
(10975, 5, 5281472873, 32, 0, 2),
(10976, 5, 3318543895, 32, 0, 2),
(10977, 5, 7551557955, 32, 0, 2),
(10978, 5, 7695270968, 32, 0, 2),
(10979, 5, 7702076049, 32, 0, 2),
(10980, 5, 4424994437, 32, 0, 2),
(10981, 5, 6445397530, 32, 0, 2),
(10982, 5, 6195444082, 32, 0, 2),
(10983, 5, 3708278996, 32, 0, 2),
(10984, 5, 3605945870, 32, 0, 2),
(10985, 5, 6801890273, 32, 0, 2),
(10986, 5, 6112308121, 32, 0, 2),
(10987, 5, 7437346078, 33, 0, 2),
(10988, 5, 6695699936, 33, 0, 2),
(10989, 5, 8548415823, 33, 0, 2),
(10990, 5, 6949373616, 33, 0, 2),
(10991, 5, 1215437428, 33, 0, 2),
(10992, 5, 6618082597, 33, 0, 2),
(10993, 5, 1277731923, 33, 0, 2),
(10994, 5, 9010001314, 33, 0, 2),
(10995, 5, 5507892371, 33, 0, 2),
(10996, 5, 3983790974, 33, 0, 2),
(10997, 5, 3130801638, 33, 0, 2),
(10998, 5, 9306151467, 33, 0, 2),
(10999, 5, 9618875534, 33, 0, 2),
(11000, 5, 1896394823, 33, 0, 2),
(11001, 5, 7087334980, 33, 0, 2),
(11002, 5, 9570689751, 33, 0, 2),
(11003, 5, 2201547772, 33, 0, 2),
(11004, 5, 9649910496, 33, 0, 2),
(11005, 5, 7726603789, 33, 0, 2),
(11006, 5, 7136447410, 33, 0, 2),
(11007, 5, 5961610907, 33, 0, 2),
(11008, 5, 9135285376, 33, 0, 2),
(11009, 5, 3318543895, 33, 0, 2),
(11010, 5, 7551557955, 33, 0, 2),
(11011, 5, 2719890638, 33, 0, 2),
(11012, 5, 7702076049, 33, 0, 2),
(11013, 5, 4424994437, 33, 0, 2),
(11014, 5, 6445397530, 33, 0, 2),
(11015, 5, 6195444082, 33, 0, 2),
(11016, 5, 3708278996, 33, 0, 2),
(11017, 5, 7989167094, 33, 0, 2),
(11018, 5, 7073298658, 34, 0, 2),
(11019, 5, 7936944032, 34, 0, 2),
(11020, 5, 7437346078, 34, 0, 2),
(11021, 5, 2311248120, 34, 0, 2),
(11022, 5, 6140013518, 34, 0, 2),
(11023, 5, 8799739906, 34, 0, 2),
(11024, 5, 8548415823, 34, 0, 2),
(11025, 5, 7979826605, 34, 0, 2),
(11026, 5, 3546042283, 34, 0, 2),
(11027, 5, 8879150925, 34, 0, 2),
(11028, 5, 4889824168, 34, 0, 2),
(11029, 5, 4076363677, 34, 0, 2),
(11030, 5, 1557911846, 34, 0, 2),
(11031, 5, 6949373616, 34, 0, 2),
(11032, 5, 9151787705, 34, 0, 2),
(11033, 5, 1215437428, 34, 0, 2),
(11034, 5, 6618082597, 34, 0, 2),
(11035, 5, 1277731923, 34, 0, 2),
(11036, 5, 9010001314, 34, 0, 2),
(11037, 5, 5507892371, 34, 0, 2),
(11038, 5, 3983790974, 34, 0, 2),
(11039, 5, 2390734288, 34, 0, 2),
(11040, 5, 3143319796, 34, 0, 2),
(11041, 5, 8084608525, 34, 0, 2),
(11042, 5, 1298927724, 34, 0, 2),
(11043, 5, 4946246218, 34, 0, 2),
(11044, 5, 1154370556, 34, 0, 2),
(11045, 5, 9509389255, 34, 0, 2),
(11046, 5, 9306151467, 34, 0, 2),
(11047, 5, 9618875534, 34, 0, 2),
(11048, 5, 7594375395, 34, 0, 2),
(11049, 5, 6712188473, 34, 0, 2),
(11050, 5, 2208890620, 34, 0, 2),
(11051, 5, 9973097809, 34, 0, 2),
(11052, 5, 1896394823, 34, 0, 2),
(11053, 5, 7087334980, 34, 0, 2),
(11054, 5, 3855904781, 34, 0, 2),
(11055, 5, 3760501449, 34, 0, 2),
(11056, 5, 8671403230, 34, 0, 2),
(11057, 5, 1755800571, 34, 0, 2),
(11058, 5, 9570689751, 34, 0, 2),
(11059, 5, 3192542506, 34, 0, 2),
(11060, 5, 5718089194, 34, 0, 2),
(11061, 5, 3389266844, 34, 0, 2),
(11062, 5, 2201547772, 34, 0, 2),
(11063, 5, 1338083172, 34, 0, 2),
(11064, 5, 9649910496, 34, 0, 2),
(11065, 5, 7726603789, 34, 0, 2),
(11066, 5, 1882911769, 34, 0, 2),
(11067, 5, 7136447410, 34, 0, 2),
(11068, 5, 8493070079, 34, 0, 2),
(11069, 5, 5961610907, 34, 0, 2),
(11070, 5, 9135285376, 34, 0, 2),
(11071, 5, 5742321970, 34, 0, 2),
(11072, 5, 8341117479, 34, 0, 2),
(11073, 5, 5281472873, 34, 0, 2),
(11074, 5, 3318543895, 34, 0, 2),
(11075, 5, 8458901761, 34, 0, 2),
(11076, 5, 7551557955, 34, 0, 2),
(11078, 5, 9970144988, 34, 0, 2),
(11079, 5, 7695270968, 34, 0, 2),
(11080, 5, 2719890638, 34, 0, 2),
(11081, 5, 7702076049, 34, 0, 2),
(11082, 5, 4424994437, 34, 0, 2),
(11083, 5, 4984083122, 34, 0, 2),
(11084, 5, 6445397530, 34, 0, 2),
(11085, 5, 6195444082, 34, 0, 2),
(11086, 5, 3708278996, 34, 0, 2),
(11087, 5, 1398652770, 34, 0, 2),
(11088, 5, 3893615006, 34, 0, 2),
(11089, 5, 6801890273, 34, 0, 2),
(11090, 5, 8964702706, 34, 0, 2),
(11091, 5, 7469678058, 34, 0, 2),
(11092, 5, 8206645698, 34, 0, 2),
(11093, 5, 7073894610, 34, 0, 2),
(11094, 5, 3888097718, 34, 0, 2),
(11095, 5, 5525437808, 34, 0, 2),
(11096, 5, 1374413511, 34, 0, 2),
(11097, 5, 7989167094, 34, 0, 2),
(11098, 5, 1426278728, 34, 0, 2),
(11099, 5, 6112308121, 34, 0, 2),
(11100, 5, 6134682824, 34, 0, 2),
(11101, 5, 7515671274, 34, 0, 2),
(11102, 5, 8581826390, 34, 0, 2),
(11103, 5, 4744881438, 35, 0, 2),
(11104, 5, 7936944032, 35, 0, 2),
(11105, 5, 7437346078, 35, 0, 2),
(11106, 5, 8430099755, 35, 0, 2),
(11107, 5, 8799739906, 35, 0, 2),
(11108, 5, 8548415823, 35, 0, 2),
(11109, 5, 4889824168, 35, 0, 2),
(11110, 5, 4889364207, 35, 0, 2),
(11111, 5, 6949373616, 35, 0, 2),
(11112, 5, 9151787705, 35, 0, 2),
(11113, 5, 1861829102, 35, 0, 2),
(11114, 5, 1215437428, 35, 0, 2),
(11115, 5, 6618082597, 35, 0, 2),
(11116, 5, 1277731923, 35, 0, 2),
(11117, 5, 9010001314, 35, 0, 2),
(11118, 5, 5507892371, 35, 0, 2),
(11119, 5, 3983790974, 35, 0, 2),
(11120, 5, 2390734288, 35, 0, 2),
(11121, 5, 3143319796, 35, 0, 2),
(11122, 5, 1298927724, 35, 0, 2),
(11123, 5, 1154370556, 35, 0, 2),
(11124, 5, 9509389255, 35, 0, 2),
(11125, 5, 9618875534, 35, 0, 2),
(11126, 5, 2208890620, 35, 0, 2),
(11127, 5, 9973097809, 35, 0, 2),
(11128, 5, 1896394823, 35, 0, 2),
(11129, 5, 7087334980, 35, 0, 2),
(11130, 5, 3855904781, 35, 0, 2),
(11131, 5, 3760501449, 35, 0, 2),
(11132, 5, 1755800571, 35, 0, 2),
(11133, 5, 9570689751, 35, 0, 2),
(11134, 5, 5718089194, 35, 0, 2),
(11135, 5, 3389266844, 35, 0, 2),
(11136, 5, 2201547772, 35, 0, 2),
(11137, 5, 2166228109, 35, 0, 2),
(11138, 5, 7726603789, 35, 0, 2),
(11139, 5, 7136447410, 35, 0, 2),
(11140, 5, 8493070079, 35, 0, 2),
(11141, 5, 5961610907, 35, 0, 2),
(11142, 5, 9135285376, 35, 0, 2),
(11143, 5, 5795999970, 35, 0, 2),
(11144, 5, 5742321970, 35, 0, 2),
(11145, 5, 8341117479, 35, 0, 2),
(11146, 5, 5281472873, 35, 0, 2),
(11147, 5, 3318543895, 35, 0, 2),
(11148, 5, 8458901761, 35, 0, 2),
(11149, 5, 7551557955, 35, 0, 2),
(11151, 5, 9970144988, 35, 0, 2),
(11152, 5, 7695270968, 35, 0, 2),
(11153, 5, 2719890638, 35, 0, 2),
(11154, 5, 7702076049, 35, 0, 2),
(11155, 5, 4424994437, 35, 0, 2),
(11156, 5, 4984083122, 35, 0, 2),
(11157, 5, 6445397530, 35, 0, 2),
(11158, 5, 6195444082, 35, 0, 2),
(11159, 5, 3708278996, 35, 0, 2),
(11160, 5, 3605945870, 35, 0, 2),
(11161, 5, 3893615006, 35, 0, 2),
(11162, 5, 6801890273, 35, 0, 2),
(11163, 5, 8964702706, 35, 0, 2),
(11164, 5, 7469678058, 35, 0, 2),
(11165, 5, 8206645698, 35, 0, 2),
(11166, 5, 7073894610, 35, 0, 2),
(11167, 5, 1374413511, 35, 0, 2),
(11168, 5, 7989167094, 35, 0, 2),
(11169, 5, 6112308121, 35, 0, 2),
(11170, 5, 7515671274, 35, 0, 2),
(11171, 5, 7437346078, 36, 0, 2),
(11172, 5, 6695699936, 36, 0, 2),
(11173, 5, 8548415823, 36, 0, 2),
(11174, 5, 8879150925, 36, 0, 2),
(11175, 5, 6949373616, 36, 0, 2),
(11176, 5, 1215437428, 36, 0, 2),
(11177, 5, 6618082597, 36, 0, 2),
(11178, 5, 9010001314, 36, 0, 2),
(11179, 5, 5507892371, 36, 0, 2),
(11180, 5, 3983790974, 36, 0, 2),
(11181, 5, 9306151467, 36, 0, 2),
(11182, 5, 9618875534, 36, 0, 2),
(11183, 5, 1896394823, 36, 0, 2),
(11184, 5, 7087334980, 36, 0, 2),
(11185, 5, 9073271965, 36, 0, 2),
(11186, 5, 9570689751, 36, 0, 2),
(11187, 5, 9649910496, 36, 0, 2),
(11188, 5, 7726603789, 36, 0, 2),
(11189, 5, 7136447410, 36, 0, 2),
(11190, 5, 5961610907, 36, 0, 2),
(11191, 5, 9135285376, 36, 0, 2),
(11192, 5, 5281472873, 36, 0, 2),
(11193, 5, 3318543895, 36, 0, 2),
(11194, 5, 7551557955, 36, 0, 2),
(11195, 5, 7702076049, 36, 0, 2),
(11196, 5, 4424994437, 36, 0, 2),
(11197, 5, 6445397530, 36, 0, 2),
(11198, 5, 6195444082, 36, 0, 2),
(11199, 5, 3708278996, 36, 0, 2),
(11200, 5, 1398652770, 36, 0, 2),
(11201, 5, 3605945870, 36, 0, 2),
(11202, 5, 8999530819, 36, 0, 2),
(11203, 5, 7989167094, 36, 0, 2),
(11204, 5, 7437346078, 37, 0, 2),
(11205, 5, 6695699936, 37, 0, 2),
(11206, 5, 8879150925, 37, 0, 2),
(11207, 5, 6949373616, 37, 0, 2),
(11208, 5, 1215437428, 37, 0, 2),
(11209, 5, 6618082597, 37, 0, 2),
(11210, 5, 9010001314, 37, 0, 2),
(11211, 5, 5507892371, 37, 0, 2),
(11212, 5, 3983790974, 37, 0, 2),
(11213, 5, 3130801638, 37, 0, 2),
(11214, 5, 9618875534, 37, 0, 2),
(11215, 5, 1896394823, 37, 0, 2),
(11216, 5, 7087334980, 37, 0, 2),
(11217, 5, 8671403230, 37, 0, 2),
(11218, 5, 9073271965, 37, 0, 2),
(11219, 5, 2201547772, 37, 0, 2),
(11220, 5, 1338083172, 37, 0, 2),
(11221, 5, 7726603789, 37, 0, 2),
(11222, 5, 1882911769, 37, 0, 2),
(11223, 5, 7136447410, 37, 0, 2),
(11224, 5, 8493070079, 37, 0, 2),
(11225, 5, 5961610907, 37, 0, 2),
(11226, 5, 9135285376, 37, 0, 2),
(11227, 5, 8341117479, 37, 0, 2),
(11228, 5, 5281472873, 37, 0, 2),
(11229, 5, 3318543895, 37, 0, 2),
(11230, 5, 7551557955, 37, 0, 2),
(11231, 5, 7695270968, 37, 0, 2),
(11232, 5, 2719890638, 37, 0, 2),
(11233, 5, 7702076049, 37, 0, 2),
(11234, 5, 4424994437, 37, 0, 2),
(11235, 5, 6445397530, 37, 0, 2),
(11236, 5, 6195444082, 37, 0, 2),
(11237, 5, 3708278996, 37, 0, 2),
(11238, 5, 3605945870, 37, 0, 2),
(11239, 5, 7073894610, 37, 0, 2),
(11240, 5, 1426278728, 37, 0, 2),
(11241, 5, 3678193011, 38, 0, 2),
(11242, 5, 9776625539, 38, 0, 2),
(11243, 5, 7437346078, 38, 0, 2),
(11244, 5, 7351053539, 38, 0, 2),
(11245, 5, 6140013518, 38, 0, 2),
(11246, 5, 7358122866, 38, 0, 2),
(11247, 5, 1557911846, 38, 0, 2),
(11248, 5, 6949373616, 38, 0, 2),
(11249, 5, 5075772015, 38, 0, 2),
(11250, 5, 1215437428, 38, 0, 2),
(11251, 5, 9010001314, 38, 0, 2),
(11252, 5, 3983790974, 38, 0, 2),
(11253, 5, 2390734288, 38, 0, 2),
(11254, 5, 1298927724, 38, 0, 2),
(11255, 5, 4946246218, 38, 0, 2),
(11256, 5, 9509389255, 38, 0, 2),
(11257, 5, 9618875534, 38, 0, 2),
(11258, 5, 7594375395, 38, 0, 2),
(11259, 5, 2208890620, 38, 0, 2),
(11260, 5, 9973097809, 38, 0, 2),
(11261, 5, 1896394823, 38, 0, 2),
(11262, 5, 8671403230, 38, 0, 2),
(11263, 5, 1755800571, 38, 0, 2),
(11264, 5, 9570689751, 38, 0, 2),
(11265, 5, 3389266844, 38, 0, 2),
(11266, 5, 2201547772, 38, 0, 2),
(11267, 5, 9649910496, 38, 0, 2),
(11268, 5, 8493070079, 38, 0, 2),
(11269, 5, 5961610907, 38, 0, 2),
(11270, 5, 9135285376, 38, 0, 2),
(11271, 5, 5281472873, 38, 0, 2),
(11272, 5, 3318543895, 38, 0, 2),
(11273, 5, 7551557955, 38, 0, 2),
(11275, 5, 9970144988, 38, 0, 2),
(11276, 5, 7695270968, 38, 0, 2),
(11277, 5, 2719890638, 38, 0, 2),
(11278, 5, 4424994437, 38, 0, 2),
(11279, 5, 6445397530, 38, 0, 2),
(11280, 5, 6195444082, 38, 0, 2),
(11281, 5, 3708278996, 38, 0, 2),
(11282, 5, 1398652770, 38, 0, 2),
(11283, 5, 6801890273, 38, 0, 2),
(11284, 5, 5004981923, 38, 0, 2),
(11285, 5, 3888097718, 38, 0, 2),
(11286, 5, 5525437808, 38, 0, 2),
(11287, 5, 7989167094, 38, 0, 2),
(11288, 5, 6134682824, 38, 0, 2),
(11289, 5, 7515671274, 38, 0, 2),
(11290, 5, 3678193011, 39, 0, 2),
(11291, 5, 9776625539, 39, 0, 2),
(11292, 5, 7437346078, 39, 0, 2),
(11293, 5, 1743741602, 39, 0, 2),
(11294, 5, 6140013518, 39, 0, 2),
(11295, 5, 4073084709, 39, 0, 2),
(11296, 5, 4076363677, 39, 0, 2),
(11297, 5, 1557911846, 39, 0, 2),
(11298, 5, 6949373616, 39, 0, 2),
(11299, 5, 5075772015, 39, 0, 2),
(11300, 5, 9151787705, 39, 0, 2),
(11301, 5, 1861829102, 39, 0, 2),
(11302, 5, 1215437428, 39, 0, 2),
(11303, 5, 9010001314, 39, 0, 2),
(11304, 5, 3983790974, 39, 0, 2),
(11305, 5, 2390734288, 39, 0, 2),
(11306, 5, 1298927724, 39, 0, 2),
(11307, 5, 4946246218, 39, 0, 2),
(11308, 5, 9509389255, 39, 0, 2),
(11309, 5, 9306151467, 39, 0, 2),
(11310, 5, 9618875534, 39, 0, 2),
(11311, 5, 7594375395, 39, 0, 2),
(11312, 5, 9973097809, 39, 0, 2),
(11313, 5, 1896394823, 39, 0, 2),
(11314, 5, 8671403230, 39, 0, 2),
(11315, 5, 1755800571, 39, 0, 2),
(11316, 5, 9570689751, 39, 0, 2),
(11317, 5, 3389266844, 39, 0, 2),
(11318, 5, 2201547772, 39, 0, 2),
(11319, 5, 9649910496, 39, 0, 2),
(11320, 5, 7726603789, 39, 0, 2),
(11321, 5, 7136447410, 39, 0, 2),
(11322, 5, 8493070079, 39, 0, 2),
(11323, 5, 5961610907, 39, 0, 2),
(11324, 5, 9135285376, 39, 0, 2),
(11325, 5, 5795999970, 39, 0, 2),
(11326, 5, 5281472873, 39, 0, 2),
(11327, 5, 3318543895, 39, 0, 2),
(11328, 5, 7551557955, 39, 0, 2),
(11330, 5, 9970144988, 39, 0, 2),
(11331, 5, 7695270968, 39, 0, 2),
(11332, 5, 4424994437, 39, 0, 2),
(11333, 5, 6445397530, 39, 0, 2),
(11334, 5, 6195444082, 39, 0, 2),
(11335, 5, 3708278996, 39, 0, 2),
(11336, 5, 1398652770, 39, 0, 2),
(11337, 5, 6801890273, 39, 0, 2),
(11338, 5, 7989167094, 39, 0, 2),
(11339, 5, 6112308121, 39, 0, 2),
(11340, 5, 6134682824, 39, 0, 2),
(11341, 5, 7515671274, 39, 0, 2),
(11342, 5, 2590100013, 40, 0, 2),
(11343, 5, 9776625539, 40, 0, 2),
(11344, 5, 7437346078, 40, 0, 2),
(11345, 5, 1743741602, 40, 0, 2),
(11346, 5, 8430099755, 40, 0, 2),
(11347, 5, 4964734528, 40, 0, 2),
(11348, 5, 6140013518, 40, 0, 2),
(11349, 5, 8879150925, 40, 0, 2),
(11350, 5, 4076363677, 40, 0, 2),
(11351, 5, 7358122866, 40, 0, 2),
(11352, 5, 6949373616, 40, 0, 2),
(11353, 5, 9151787705, 40, 0, 2),
(11354, 5, 1215437428, 40, 0, 2),
(11355, 5, 8074085537, 40, 0, 2),
(11356, 5, 3983790974, 40, 0, 2),
(11357, 5, 2390734288, 40, 0, 2),
(11358, 5, 1298927724, 40, 0, 2),
(11359, 5, 4946246218, 40, 0, 2),
(11360, 5, 6790189192, 40, 0, 2),
(11361, 5, 9509389255, 40, 0, 2),
(11362, 5, 9618875534, 40, 0, 2),
(11363, 5, 6712188473, 40, 0, 2),
(11364, 5, 9973097809, 40, 0, 2),
(11365, 5, 1896394823, 40, 0, 2),
(11366, 5, 8671403230, 40, 0, 2),
(11367, 5, 1755800571, 40, 0, 2),
(11368, 5, 9570689751, 40, 0, 2),
(11369, 5, 3389266844, 40, 0, 2),
(11370, 5, 2201547772, 40, 0, 2),
(11371, 5, 9649910496, 40, 0, 2),
(11372, 5, 7726603789, 40, 0, 2),
(11373, 5, 7136447410, 40, 0, 2),
(11374, 5, 8493070079, 40, 0, 2),
(11375, 5, 5961610907, 40, 0, 2),
(11376, 5, 9135285376, 40, 0, 2),
(11377, 5, 5742321970, 40, 0, 2),
(11378, 5, 5281472873, 40, 0, 2),
(11379, 5, 3318543895, 40, 0, 2),
(11380, 5, 8458901761, 40, 0, 2),
(11381, 5, 7551557955, 40, 0, 2),
(11383, 5, 9970144988, 40, 0, 2),
(11384, 5, 7695270968, 40, 0, 2),
(11385, 5, 2719890638, 40, 0, 2),
(11386, 5, 4424994437, 40, 0, 2),
(11387, 5, 6445397530, 40, 0, 2),
(11388, 5, 6195444082, 40, 0, 2),
(11389, 5, 3708278996, 40, 0, 2),
(11390, 5, 6801890273, 40, 0, 2),
(11391, 5, 7989167094, 40, 0, 2),
(11392, 5, 6134682824, 40, 0, 2),
(11393, 5, 7515671274, 40, 0, 2),
(11394, 5, 9776625539, 41, 0, 2),
(11395, 5, 7437346078, 41, 0, 2),
(11396, 5, 3532408513, 41, 0, 2),
(11397, 5, 7351053539, 41, 0, 2),
(11398, 5, 4964734528, 41, 0, 2),
(11399, 5, 6140013518, 41, 0, 2),
(11400, 5, 8879150925, 41, 0, 2),
(11401, 5, 4076363677, 41, 0, 2),
(11402, 5, 7358122866, 41, 0, 2),
(11403, 5, 1557911846, 41, 0, 2),
(11404, 5, 6949373616, 41, 0, 2),
(11405, 5, 1215437428, 41, 0, 2),
(11406, 5, 9010001314, 41, 0, 2),
(11407, 5, 3983790974, 41, 0, 2),
(11408, 5, 2390734288, 41, 0, 2),
(11409, 5, 1298927724, 41, 0, 2),
(11410, 5, 4946246218, 41, 0, 2),
(11411, 5, 3130801638, 41, 0, 2),
(11412, 5, 9509389255, 41, 0, 2),
(11413, 5, 9306151467, 41, 0, 2),
(11414, 5, 9618875534, 41, 0, 2),
(11415, 5, 2208890620, 41, 0, 2),
(11416, 5, 9973097809, 41, 0, 2),
(11417, 5, 1896394823, 41, 0, 2),
(11418, 5, 2970860175, 41, 0, 2),
(11419, 5, 8671403230, 41, 0, 2),
(11420, 5, 9570689751, 41, 0, 2),
(11421, 5, 3389266844, 41, 0, 2),
(11422, 5, 2201547772, 41, 0, 2),
(11423, 5, 9649910496, 41, 0, 2),
(11424, 5, 7726603789, 41, 0, 2),
(11425, 5, 7136447410, 41, 0, 2),
(11426, 5, 8493070079, 41, 0, 2),
(11427, 5, 5961610907, 41, 0, 2),
(11428, 5, 9135285376, 41, 0, 2),
(11429, 5, 5742321970, 41, 0, 2),
(11430, 5, 5281472873, 41, 0, 2),
(11431, 5, 3318543895, 41, 0, 2),
(11432, 5, 7551557955, 41, 0, 2),
(11434, 5, 9970144988, 41, 0, 2),
(11435, 5, 7695270968, 41, 0, 2),
(11436, 5, 2719890638, 41, 0, 2),
(11437, 5, 4424994437, 41, 0, 2),
(11438, 5, 6445397530, 41, 0, 2),
(11439, 5, 6195444082, 41, 0, 2),
(11440, 5, 3708278996, 41, 0, 2),
(11441, 5, 1398652770, 41, 0, 2),
(11442, 5, 6801890273, 41, 0, 2),
(11443, 5, 8964702706, 41, 0, 2),
(11444, 5, 7989167094, 41, 0, 2),
(11445, 5, 6134682824, 41, 0, 2),
(11446, 5, 7515671274, 41, 0, 2),
(11447, 5, 7073298658, 42, 0, 2),
(11448, 5, 9776625539, 42, 0, 2),
(11449, 5, 7437346078, 42, 0, 2),
(11450, 5, 8430099755, 42, 0, 2),
(11451, 5, 4964734528, 42, 0, 2),
(11452, 5, 6140013518, 42, 0, 2),
(11453, 5, 7979826605, 42, 0, 2),
(11454, 5, 4076363677, 42, 0, 2),
(11455, 5, 1557911846, 42, 0, 2),
(11456, 5, 6949373616, 42, 0, 2),
(11457, 5, 9151787705, 42, 0, 2),
(11458, 5, 1215437428, 42, 0, 2),
(11459, 5, 9010001314, 42, 0, 2),
(11460, 5, 4538832526, 42, 0, 2),
(11461, 5, 3983790974, 42, 0, 2),
(11462, 5, 2390734288, 42, 0, 2),
(11463, 5, 1298927724, 42, 0, 2),
(11464, 5, 4946246218, 42, 0, 2),
(11465, 5, 9509389255, 42, 0, 2),
(11466, 5, 9306151467, 42, 0, 2),
(11467, 5, 2208890620, 42, 0, 2),
(11468, 5, 9973097809, 42, 0, 2),
(11469, 5, 1896394823, 42, 0, 2),
(11470, 5, 2970860175, 42, 0, 2),
(11471, 5, 8671403230, 42, 0, 2),
(11472, 5, 9570689751, 42, 0, 2),
(11473, 5, 3389266844, 42, 0, 2),
(11474, 5, 2201547772, 42, 0, 2),
(11475, 5, 9649910496, 42, 0, 2),
(11476, 5, 7726603789, 42, 0, 2),
(11477, 5, 7136447410, 42, 0, 2),
(11478, 5, 8493070079, 42, 0, 2),
(11479, 5, 5961610907, 42, 0, 2),
(11480, 5, 9135285376, 42, 0, 2),
(11481, 5, 5742321970, 42, 0, 2),
(11482, 5, 5281472873, 42, 0, 2),
(11483, 5, 3318543895, 42, 0, 2),
(11484, 5, 7551557955, 42, 0, 2),
(11486, 5, 9970144988, 42, 0, 2),
(11487, 5, 7695270968, 42, 0, 2),
(11488, 5, 4424994437, 42, 0, 2),
(11489, 5, 6445397530, 42, 0, 2),
(11490, 5, 6195444082, 42, 0, 2),
(11491, 5, 3708278996, 42, 0, 2),
(11492, 5, 1398652770, 42, 0, 2),
(11493, 5, 5634618837, 42, 0, 2),
(11494, 5, 6801890273, 42, 0, 2),
(11495, 5, 7989167094, 42, 0, 2),
(11496, 5, 6112308121, 42, 0, 2),
(11497, 5, 7515671274, 42, 0, 2),
(11498, 5, 9094344424, 42, 0, 2),
(11499, 5, 2176044037, 42, 0, 2),
(11500, 5, 3519584652, 42, 0, 2),
(11501, 5, 7198733440, 42, 0, 2),
(11502, 5, 8385091640, 42, 0, 2),
(11503, 5, 4446516868, 42, 0, 2),
(11504, 5, 6420833245, 42, 0, 2),
(11505, 5, 9289596160, 42, 0, 2),
(11506, 5, 8596418504, 43, 0, 2),
(11507, 5, 7073298658, 43, 0, 2),
(11508, 5, 9776625539, 43, 0, 2),
(11509, 5, 7437346078, 43, 0, 2),
(11510, 5, 7351053539, 43, 0, 2),
(11511, 5, 4964734528, 43, 0, 2),
(11512, 5, 6140013518, 43, 0, 2),
(11513, 5, 8303725054, 43, 0, 2),
(11514, 5, 7979826605, 43, 0, 2),
(11515, 5, 4073084709, 43, 0, 2),
(11516, 5, 1557911846, 43, 0, 2),
(11517, 5, 6949373616, 43, 0, 2),
(11518, 5, 9151787705, 43, 0, 2),
(11519, 5, 1215437428, 43, 0, 2),
(11520, 5, 9010001314, 43, 0, 2),
(11521, 5, 3983790974, 43, 0, 2),
(11522, 5, 2390734288, 43, 0, 2),
(11523, 5, 1298927724, 43, 0, 2),
(11524, 5, 4946246218, 43, 0, 2),
(11525, 5, 9509389255, 43, 0, 2),
(11526, 5, 2208890620, 43, 0, 2),
(11527, 5, 9973097809, 43, 0, 2),
(11528, 5, 1896394823, 43, 0, 2),
(11529, 5, 2970860175, 43, 0, 2),
(11530, 5, 8671403230, 43, 0, 2),
(11531, 5, 1755800571, 43, 0, 2),
(11532, 5, 9570689751, 43, 0, 2),
(11533, 5, 3192542506, 43, 0, 2),
(11534, 5, 3389266844, 43, 0, 2),
(11535, 5, 9649910496, 43, 0, 2),
(11536, 5, 7726603789, 43, 0, 2),
(11537, 5, 1882911769, 43, 0, 2),
(11538, 5, 7136447410, 43, 0, 2),
(11539, 5, 8493070079, 43, 0, 2),
(11540, 5, 5961610907, 43, 0, 2),
(11541, 5, 9135285376, 43, 0, 2),
(11542, 5, 5281472873, 43, 0, 2),
(11543, 5, 3318543895, 43, 0, 2),
(11544, 5, 7551557955, 43, 0, 2),
(11546, 5, 9970144988, 43, 0, 2),
(11547, 5, 7695270968, 43, 0, 2),
(11548, 5, 4424994437, 43, 0, 2),
(11549, 5, 6445397530, 43, 0, 2),
(11550, 5, 6195444082, 43, 0, 2),
(11551, 5, 3708278996, 43, 0, 2),
(11552, 5, 1398652770, 43, 0, 2),
(11553, 5, 8178892734, 43, 0, 2),
(11554, 5, 6801890273, 43, 0, 2),
(11555, 5, 3888097718, 43, 0, 2),
(11556, 5, 5525437808, 43, 0, 2),
(11557, 5, 7989167094, 43, 0, 2),
(11558, 5, 6112308121, 43, 0, 2),
(11559, 5, 6134682824, 43, 0, 2),
(11560, 5, 7515671274, 43, 0, 2),
(11561, 5, 9094344424, 43, 0, 2),
(11562, 5, 2176044037, 43, 0, 2),
(11563, 5, 3070546539, 43, 0, 2),
(11564, 5, 2942928712, 43, 0, 2),
(11565, 5, 6420833245, 43, 0, 2),
(11566, 5, 7224252589, 43, 0, 2),
(11567, 5, 7073298658, 44, 0, 2),
(11568, 5, 9776625539, 44, 0, 2),
(11569, 5, 7437346078, 44, 0, 2),
(11570, 5, 7351053539, 44, 0, 2),
(11571, 5, 6140013518, 44, 0, 2),
(11572, 5, 4073084709, 44, 0, 2),
(11573, 5, 6949373616, 44, 0, 2),
(11574, 5, 9151787705, 44, 0, 2),
(11575, 5, 1215437428, 44, 0, 2),
(11576, 5, 9010001314, 44, 0, 2),
(11577, 5, 3983790974, 44, 0, 2),
(11578, 5, 2390734288, 44, 0, 2),
(11579, 5, 1298927724, 44, 0, 2),
(11580, 5, 4946246218, 44, 0, 2),
(11581, 5, 3130801638, 44, 0, 2),
(11582, 5, 9509389255, 44, 0, 2),
(11583, 5, 9973097809, 44, 0, 2),
(11584, 5, 8671403230, 44, 0, 2),
(11585, 5, 1755800571, 44, 0, 2),
(11586, 5, 9570689751, 44, 0, 2),
(11587, 5, 3389266844, 44, 0, 2),
(11588, 5, 9649910496, 44, 0, 2),
(11589, 5, 7726603789, 44, 0, 2),
(11590, 5, 7136447410, 44, 0, 2),
(11591, 5, 8493070079, 44, 0, 2),
(11592, 5, 5961610907, 44, 0, 2),
(11593, 5, 9135285376, 44, 0, 2),
(11594, 5, 5742321970, 44, 0, 2),
(11595, 5, 5281472873, 44, 0, 2),
(11596, 5, 3318543895, 44, 0, 2),
(11597, 5, 7551557955, 44, 0, 2),
(11599, 5, 9970144988, 44, 0, 2),
(11600, 5, 7695270968, 44, 0, 2),
(11601, 5, 4424994437, 44, 0, 2),
(11602, 5, 6445397530, 44, 0, 2),
(11603, 5, 6195444082, 44, 0, 2),
(11604, 5, 3708278996, 44, 0, 2),
(11605, 5, 1398652770, 44, 0, 2),
(11606, 5, 6801890273, 44, 0, 2),
(11607, 5, 7989167094, 44, 0, 2),
(11608, 5, 6134682824, 44, 0, 2),
(11609, 5, 7515671274, 44, 0, 2),
(11610, 5, 9094344424, 44, 0, 2),
(11611, 5, 6961122849, 44, 0, 2),
(11612, 5, 3070546539, 44, 0, 2),
(11613, 5, 2237581064, 44, 0, 2),
(11614, 5, 5318899370, 44, 0, 2),
(11615, 5, 2942928712, 44, 0, 2),
(11616, 5, 8777388469, 44, 0, 2),
(11617, 5, 8385091640, 44, 0, 2),
(11618, 5, 6383519977, 44, 0, 2),
(11619, 5, 8964143974, 44, 0, 2),
(11620, 5, 8596418504, 45, 0, 2),
(11621, 5, 3678193011, 45, 0, 2),
(11622, 5, 9776625539, 45, 0, 2),
(11623, 5, 8327170422, 45, 0, 2),
(11624, 5, 7437346078, 45, 0, 2),
(11625, 5, 6140013518, 45, 0, 2),
(11626, 5, 7979826605, 45, 0, 2),
(11627, 5, 8879150925, 45, 0, 2),
(11628, 5, 4073084709, 45, 0, 2),
(11629, 5, 4076363677, 45, 0, 2),
(11630, 5, 1557911846, 45, 0, 2),
(11631, 5, 6949373616, 45, 0, 2),
(11632, 5, 9151787705, 45, 0, 2),
(11633, 5, 1861829102, 45, 0, 2),
(11634, 5, 9010001314, 45, 0, 2),
(11635, 5, 6847630306, 45, 0, 2),
(11636, 5, 3983790974, 45, 0, 2),
(11637, 5, 2390734288, 45, 0, 2),
(11638, 5, 1298927724, 45, 0, 2),
(11639, 5, 4946246218, 45, 0, 2),
(11640, 5, 3130801638, 45, 0, 2),
(11641, 5, 9306151467, 45, 0, 2),
(11642, 5, 9618875534, 45, 0, 2),
(11643, 5, 6712188473, 45, 0, 2),
(11644, 5, 9973097809, 45, 0, 2),
(11645, 5, 1896394823, 45, 0, 2),
(11646, 5, 2970860175, 45, 0, 2),
(11647, 5, 8671403230, 45, 0, 2),
(11648, 5, 1755800571, 45, 0, 2),
(11649, 5, 9570689751, 45, 0, 2),
(11650, 5, 3389266844, 45, 0, 2),
(11651, 5, 2201547772, 45, 0, 2),
(11652, 5, 9649910496, 45, 0, 2),
(11653, 5, 7726603789, 45, 0, 2),
(11654, 5, 7136447410, 45, 0, 2),
(11655, 5, 8493070079, 45, 0, 2),
(11656, 5, 5961610907, 45, 0, 2),
(11657, 5, 9135285376, 45, 0, 2),
(11658, 5, 5742321970, 45, 0, 2),
(11659, 5, 5281472873, 45, 0, 2),
(11660, 5, 3318543895, 45, 0, 2),
(11661, 5, 7551557955, 45, 0, 2),
(11663, 5, 9970144988, 45, 0, 2),
(11664, 5, 7695270968, 45, 0, 2),
(11665, 5, 4424994437, 45, 0, 2),
(11666, 5, 6445397530, 45, 0, 2),
(11667, 5, 6195444082, 45, 0, 2),
(11668, 5, 3708278996, 45, 0, 2),
(11669, 5, 9120929363, 45, 0, 2),
(11670, 5, 6801890273, 45, 0, 2),
(11671, 5, 8445248099, 45, 0, 2),
(11672, 5, 7989167094, 45, 0, 2),
(11673, 5, 6112308121, 45, 0, 2),
(11674, 5, 6134682824, 45, 0, 2),
(11675, 5, 7515671274, 45, 0, 2),
(11676, 5, 9094344424, 45, 0, 2),
(11677, 5, 2176044037, 45, 0, 2),
(11678, 5, 2924451599, 45, 0, 2),
(11679, 5, 6961122849, 45, 0, 2),
(11680, 5, 5948077798, 45, 0, 2),
(11681, 5, 3070546539, 45, 0, 2),
(11682, 5, 2237581064, 45, 0, 2),
(11683, 5, 5318899370, 45, 0, 2),
(11684, 5, 6581554276, 45, 0, 2),
(11685, 5, 2942928712, 45, 0, 2),
(11686, 5, 7996624369, 45, 0, 2),
(11687, 5, 8777388469, 45, 0, 2),
(11688, 5, 8385091640, 45, 0, 2),
(11689, 5, 8676697337, 45, 0, 2),
(11690, 5, 6420833245, 45, 0, 2),
(11691, 5, 9289596160, 45, 0, 2),
(11692, 5, 6383519977, 45, 0, 2),
(11693, 5, 7224252589, 45, 0, 2),
(11694, 5, 8589748777, 45, 0, 2),
(11695, 5, 9776625539, 46, 0, 2),
(11696, 5, 7437346078, 46, 0, 2),
(11697, 5, 8430099755, 46, 0, 2),
(11698, 5, 6140013518, 46, 0, 2),
(11699, 5, 4073084709, 46, 0, 2),
(11700, 5, 4076363677, 46, 0, 2),
(11701, 5, 1557911846, 46, 0, 2),
(11702, 5, 6949373616, 46, 0, 2),
(11703, 5, 9151787705, 46, 0, 2),
(11704, 5, 1861829102, 46, 0, 2),
(11705, 5, 1215437428, 46, 0, 2),
(11706, 5, 9010001314, 46, 0, 2),
(11707, 5, 3983790974, 46, 0, 2),
(11708, 5, 2390734288, 46, 0, 2),
(11709, 5, 4399303534, 46, 0, 2),
(11710, 5, 1298927724, 46, 0, 2),
(11711, 5, 4946246218, 46, 0, 2),
(11712, 5, 9509389255, 46, 0, 2),
(11713, 5, 9618875534, 46, 0, 2),
(11714, 5, 6712188473, 46, 0, 2),
(11715, 5, 2208890620, 46, 0, 2),
(11716, 5, 9973097809, 46, 0, 2),
(11717, 5, 1896394823, 46, 0, 2);
INSERT INTO `points` (`id`, `programming_id`, `usc_id`, `date_id`, `points`, `credit_id`) VALUES
(11718, 5, 2970860175, 46, 0, 2),
(11719, 5, 8671403230, 46, 0, 2),
(11720, 5, 1755800571, 46, 0, 2),
(11721, 5, 9570689751, 46, 0, 2),
(11722, 5, 3389266844, 46, 0, 2),
(11723, 5, 2201547772, 46, 0, 2),
(11724, 5, 9649910496, 46, 0, 2),
(11725, 5, 7726603789, 46, 0, 2),
(11726, 5, 1882911769, 46, 0, 2),
(11727, 5, 7136447410, 46, 0, 2),
(11728, 5, 8493070079, 46, 0, 2),
(11729, 5, 5961610907, 46, 0, 2),
(11730, 5, 9135285376, 46, 0, 2),
(11731, 5, 5795999970, 46, 0, 2),
(11732, 5, 5742321970, 46, 0, 2),
(11733, 5, 5281472873, 46, 0, 2),
(11734, 5, 3318543895, 46, 0, 2),
(11735, 5, 7551557955, 46, 0, 2),
(11737, 5, 9970144988, 46, 0, 2),
(11738, 5, 7695270968, 46, 0, 2),
(11739, 5, 2719890638, 46, 0, 2),
(11740, 5, 4424994437, 46, 0, 2),
(11741, 5, 6445397530, 46, 0, 2),
(11742, 5, 6195444082, 46, 0, 2),
(11743, 5, 3708278996, 46, 0, 2),
(11744, 5, 5634618837, 46, 0, 2),
(11745, 5, 9120929363, 46, 0, 2),
(11746, 5, 6801890273, 46, 0, 2),
(11747, 5, 5004981923, 46, 0, 2),
(11748, 5, 7989167094, 46, 0, 2),
(11749, 5, 6112308121, 46, 0, 2),
(11750, 5, 6134682824, 46, 0, 2),
(11751, 5, 7515671274, 46, 0, 2),
(11752, 5, 9094344424, 46, 0, 2),
(11753, 5, 2176044037, 46, 0, 2),
(11754, 5, 2924451599, 46, 0, 2),
(11755, 5, 6961122849, 46, 0, 2),
(11756, 5, 3519584652, 46, 0, 2),
(11757, 5, 3070546539, 46, 0, 2),
(11758, 5, 2237581064, 46, 0, 2),
(11759, 5, 5318899370, 46, 0, 2),
(11760, 5, 2942928712, 46, 0, 2),
(11761, 5, 7996624369, 46, 0, 2),
(11762, 5, 6420833245, 46, 0, 2),
(11763, 5, 6383519977, 46, 0, 2),
(11764, 5, 7224252589, 46, 0, 2),
(11765, 5, 8964143974, 46, 0, 2),
(11766, 5, 6957159719, 47, 0, 2),
(11767, 5, 2057607109, 47, 0, 2),
(11768, 5, 4744881438, 47, 0, 2),
(11769, 5, 9776625539, 47, 0, 2),
(11770, 5, 8327170422, 47, 0, 2),
(11771, 5, 7437346078, 47, 0, 2),
(11772, 5, 8430099755, 47, 0, 2),
(11773, 5, 3532408513, 47, 0, 2),
(11774, 5, 4964734528, 47, 0, 2),
(11775, 5, 6140013518, 47, 0, 2),
(11776, 5, 4073084709, 47, 0, 2),
(11777, 5, 4076363677, 47, 0, 2),
(11778, 5, 1557911846, 47, 0, 2),
(11779, 5, 6949373616, 47, 0, 2),
(11780, 5, 5075772015, 47, 0, 2),
(11781, 5, 9151787705, 47, 0, 2),
(11782, 5, 1861829102, 47, 0, 2),
(11783, 5, 1215437428, 47, 0, 2),
(11784, 5, 9010001314, 47, 0, 2),
(11785, 5, 6847630306, 47, 0, 2),
(11786, 5, 3983790974, 47, 0, 2),
(11787, 5, 2390734288, 47, 0, 2),
(11788, 5, 1298927724, 47, 0, 2),
(11789, 5, 4946246218, 47, 0, 2),
(11790, 5, 3130801638, 47, 0, 2),
(11791, 5, 9509389255, 47, 0, 2),
(11792, 5, 9306151467, 47, 0, 2),
(11793, 5, 9618875534, 47, 0, 2),
(11794, 5, 6712188473, 47, 0, 2),
(11795, 5, 2208890620, 47, 0, 2),
(11796, 5, 2137041692, 47, 0, 2),
(11797, 5, 9973097809, 47, 0, 2),
(11798, 5, 1896394823, 47, 0, 2),
(11799, 5, 7087334980, 47, 0, 2),
(11800, 5, 2970860175, 47, 0, 2),
(11801, 5, 8671403230, 47, 0, 2),
(11802, 5, 1755800571, 47, 0, 2),
(11803, 5, 9570689751, 47, 0, 2),
(11804, 5, 3389266844, 47, 0, 2),
(11805, 5, 2201547772, 47, 0, 2),
(11806, 5, 9649910496, 47, 0, 2),
(11807, 5, 7726603789, 47, 0, 2),
(11808, 5, 7136447410, 47, 0, 2),
(11809, 5, 8493070079, 47, 0, 2),
(11810, 5, 5961610907, 47, 0, 2),
(11811, 5, 9135285376, 47, 0, 2),
(11812, 5, 5795999970, 47, 0, 2),
(11813, 5, 5742321970, 47, 0, 2),
(11814, 5, 5281472873, 47, 0, 2),
(11815, 5, 3318543895, 47, 0, 2),
(11816, 5, 7551557955, 47, 0, 2),
(11818, 5, 9970144988, 47, 0, 2),
(11819, 5, 7695270968, 47, 0, 2),
(11820, 5, 4424994437, 47, 0, 2),
(11821, 5, 6445397530, 47, 0, 2),
(11822, 5, 6195444082, 47, 0, 2),
(11823, 5, 3708278996, 47, 0, 2),
(11824, 5, 5634618837, 47, 0, 2),
(11825, 5, 9120929363, 47, 0, 2),
(11826, 5, 6801890273, 47, 0, 2),
(11827, 5, 8445248099, 47, 0, 2),
(11828, 5, 7989167094, 47, 0, 2),
(11829, 5, 6112308121, 47, 0, 2),
(11830, 5, 6134682824, 47, 0, 2),
(11831, 5, 7515671274, 47, 0, 2),
(11832, 5, 9094344424, 47, 0, 2),
(11833, 5, 2176044037, 47, 0, 2),
(11834, 5, 4031150842, 47, 0, 2),
(11835, 5, 7642732374, 47, 0, 2),
(11836, 5, 2924451599, 47, 0, 2),
(11837, 5, 6961122849, 47, 0, 2),
(11838, 5, 3519584652, 47, 0, 2),
(11839, 5, 3070546539, 47, 0, 2),
(11840, 5, 2237581064, 47, 0, 2),
(11841, 5, 5318899370, 47, 0, 2),
(11842, 5, 2942928712, 47, 0, 2),
(11843, 5, 8385091640, 47, 0, 2),
(11844, 5, 8676697337, 47, 0, 2),
(11845, 5, 6420833245, 47, 0, 2),
(11846, 5, 6383519977, 47, 0, 2),
(11847, 5, 7224252589, 47, 0, 2),
(11848, 5, 8589748777, 47, 0, 2),
(11849, 5, 8964143974, 47, 0, 2),
(11850, 5, 8596418504, 48, 0, 2),
(11851, 5, 9776625539, 48, 0, 2),
(11852, 5, 8327170422, 48, 0, 2),
(11853, 5, 7437346078, 48, 0, 2),
(11854, 5, 3180394373, 48, 0, 2),
(11855, 5, 4964734528, 48, 0, 2),
(11856, 5, 6140013518, 48, 0, 2),
(11857, 5, 2534982388, 48, 0, 2),
(11858, 5, 4073084709, 48, 0, 2),
(11859, 5, 1557911846, 48, 0, 2),
(11860, 5, 6949373616, 48, 0, 2),
(11861, 5, 9151787705, 48, 0, 2),
(11862, 5, 1215437428, 48, 0, 2),
(11863, 5, 9010001314, 48, 0, 2),
(11864, 5, 3983790974, 48, 0, 2),
(11865, 5, 2390734288, 48, 0, 2),
(11866, 5, 3143319796, 48, 0, 2),
(11867, 5, 8084608525, 48, 0, 2),
(11868, 5, 1298927724, 48, 0, 2),
(11869, 5, 4946246218, 48, 0, 2),
(11870, 5, 9509389255, 48, 0, 2),
(11871, 5, 9306151467, 48, 0, 2),
(11872, 5, 2208890620, 48, 0, 2),
(11873, 5, 9973097809, 48, 0, 2),
(11874, 5, 1896394823, 48, 0, 2),
(11875, 5, 7087334980, 48, 0, 2),
(11876, 5, 8671403230, 48, 0, 2),
(11877, 5, 1755800571, 48, 0, 2),
(11878, 5, 9570689751, 48, 0, 2),
(11879, 5, 3192542506, 48, 0, 2),
(11880, 5, 5718089194, 48, 0, 2),
(11881, 5, 3389266844, 48, 0, 2),
(11882, 5, 2201547772, 48, 0, 2),
(11883, 5, 9649910496, 48, 0, 2),
(11884, 5, 7726603789, 48, 0, 2),
(11885, 5, 1882911769, 48, 0, 2),
(11886, 5, 7136447410, 48, 0, 2),
(11887, 5, 8493070079, 48, 0, 2),
(11888, 5, 5961610907, 48, 0, 2),
(11889, 5, 9135285376, 48, 0, 2),
(11890, 5, 5795999970, 48, 0, 2),
(11891, 5, 5742321970, 48, 0, 2),
(11892, 5, 5281472873, 48, 0, 2),
(11893, 5, 3318543895, 48, 0, 2),
(11894, 5, 7551557955, 48, 0, 2),
(11896, 5, 9970144988, 48, 0, 2),
(11897, 5, 7695270968, 48, 0, 2),
(11898, 5, 4424994437, 48, 0, 2),
(11899, 5, 6445397530, 48, 0, 2),
(11900, 5, 6195444082, 48, 0, 2),
(11901, 5, 3708278996, 48, 0, 2),
(11902, 5, 6801890273, 48, 0, 2),
(11903, 5, 8445248099, 48, 0, 2),
(11904, 5, 1374413511, 48, 0, 2),
(11905, 5, 7989167094, 48, 0, 2),
(11906, 5, 6112308121, 48, 0, 2),
(11907, 5, 6134682824, 48, 0, 2),
(11908, 5, 7515671274, 48, 0, 2),
(11909, 5, 9094344424, 48, 0, 2),
(11910, 5, 2176044037, 48, 0, 2),
(11911, 5, 3570919890, 48, 0, 2),
(11912, 5, 2924451599, 48, 0, 2),
(11913, 5, 6961122849, 48, 0, 2),
(11914, 5, 1101656448, 48, 0, 2),
(11915, 5, 3519584652, 48, 0, 2),
(11916, 5, 3070546539, 48, 0, 2),
(11917, 5, 2822390912, 48, 0, 2),
(11918, 5, 2237581064, 48, 0, 2),
(11919, 5, 5318899370, 48, 0, 2),
(11920, 5, 6581554276, 48, 0, 2),
(11921, 5, 2942928712, 48, 0, 2),
(11922, 5, 8777388469, 48, 0, 2),
(11923, 5, 8385091640, 48, 0, 2),
(11924, 5, 8676697337, 48, 0, 2),
(11925, 5, 6420833245, 48, 0, 2),
(11926, 5, 6383519977, 48, 0, 2),
(11927, 5, 8308797837, 48, 0, 2),
(11928, 5, 7224252589, 48, 0, 2),
(11929, 5, 8589748777, 48, 0, 2),
(11930, 5, 8964143974, 48, 0, 2),
(11931, 5, 9776625539, 49, 0, 2),
(11932, 5, 8327170422, 49, 0, 2),
(11933, 5, 7437346078, 49, 0, 2),
(11934, 5, 8430099755, 49, 0, 2),
(11935, 5, 7351053539, 49, 0, 2),
(11936, 5, 6140013518, 49, 0, 2),
(11937, 5, 7979826605, 49, 0, 2),
(11938, 5, 4073084709, 49, 0, 2),
(11939, 5, 1557911846, 49, 0, 2),
(11940, 5, 6949373616, 49, 0, 2),
(11941, 5, 9151787705, 49, 0, 2),
(11942, 5, 1861829102, 49, 0, 2),
(11943, 5, 1215437428, 49, 0, 2),
(11944, 5, 9010001314, 49, 0, 2),
(11945, 5, 3983790974, 49, 0, 2),
(11946, 5, 2390734288, 49, 0, 2),
(11947, 5, 1298927724, 49, 0, 2),
(11948, 5, 4946246218, 49, 0, 2),
(11949, 5, 3130801638, 49, 0, 2),
(11950, 5, 9509389255, 49, 0, 2),
(11951, 5, 9306151467, 49, 0, 2),
(11952, 5, 6712188473, 49, 0, 2),
(11953, 5, 2208890620, 49, 0, 2),
(11954, 5, 9973097809, 49, 0, 2),
(11955, 5, 1896394823, 49, 0, 2),
(11956, 5, 7087334980, 49, 0, 2),
(11957, 5, 2970860175, 49, 0, 2),
(11958, 5, 8671403230, 49, 0, 2),
(11959, 5, 1755800571, 49, 0, 2),
(11960, 5, 9570689751, 49, 0, 2),
(11961, 5, 3389266844, 49, 0, 2),
(11962, 5, 2201547772, 49, 0, 2),
(11963, 5, 9649910496, 49, 0, 2),
(11964, 5, 7726603789, 49, 0, 2),
(11965, 5, 7136447410, 49, 0, 2),
(11966, 5, 8493070079, 49, 0, 2),
(11967, 5, 5961610907, 49, 0, 2),
(11968, 5, 9135285376, 49, 0, 2),
(11969, 5, 5795999970, 49, 0, 2),
(11970, 5, 5742321970, 49, 0, 2),
(11971, 5, 5281472873, 49, 0, 2),
(11972, 5, 3318543895, 49, 0, 2),
(11973, 5, 7551557955, 49, 0, 2),
(11975, 5, 9970144988, 49, 0, 2),
(11976, 5, 7695270968, 49, 0, 2),
(11977, 5, 4424994437, 49, 0, 2),
(11978, 5, 6445397530, 49, 0, 2),
(11979, 5, 6195444082, 49, 0, 2),
(11980, 5, 3708278996, 49, 0, 2),
(11981, 5, 1398652770, 49, 0, 2),
(11982, 5, 8178892734, 49, 0, 2),
(11983, 5, 6801890273, 49, 0, 2),
(11984, 5, 7989167094, 49, 0, 2),
(11985, 5, 6112308121, 49, 0, 2),
(11986, 5, 6134682824, 49, 0, 2),
(11987, 5, 7515671274, 49, 0, 2),
(11988, 5, 9094344424, 49, 0, 2),
(11989, 5, 2176044037, 49, 0, 2),
(11990, 5, 2924451599, 49, 0, 2),
(11991, 5, 6961122849, 49, 0, 2),
(11992, 5, 5948077798, 49, 0, 2),
(11993, 5, 3070546539, 49, 0, 2),
(11994, 5, 2237581064, 49, 0, 2),
(11995, 5, 5318899370, 49, 0, 2),
(11996, 5, 2942928712, 49, 0, 2),
(11997, 5, 6420833245, 49, 0, 2),
(11998, 5, 6383519977, 49, 0, 2),
(11999, 5, 7224252589, 49, 0, 2),
(12000, 5, 8589748777, 49, 0, 2),
(12001, 5, 8964143974, 49, 0, 2),
(12002, 5, 8596418504, 50, 0, 2),
(12003, 5, 9776625539, 50, 0, 2),
(12004, 5, 6017045031, 50, 0, 2),
(12005, 5, 7437346078, 50, 0, 2),
(12006, 5, 2311248120, 50, 0, 2),
(12007, 5, 8430099755, 50, 0, 2),
(12008, 5, 3324627619, 50, 0, 2),
(12009, 5, 3532408513, 50, 0, 2),
(12010, 5, 6140013518, 50, 0, 2),
(12011, 5, 4073084709, 50, 0, 2),
(12012, 5, 4076363677, 50, 0, 2),
(12013, 5, 1557911846, 50, 0, 2),
(12014, 5, 6949373616, 50, 0, 2),
(12015, 5, 9151787705, 50, 0, 2),
(12016, 5, 1861829102, 50, 0, 2),
(12017, 5, 1215437428, 50, 0, 2),
(12018, 5, 9010001314, 50, 0, 2),
(12019, 5, 3983790974, 50, 0, 2),
(12020, 5, 2390734288, 50, 0, 2),
(12021, 5, 7941970041, 50, 0, 2),
(12022, 5, 1298927724, 50, 0, 2),
(12023, 5, 4946246218, 50, 0, 2),
(12024, 5, 3130801638, 50, 0, 2),
(12025, 5, 9509389255, 50, 0, 2),
(12026, 5, 9306151467, 50, 0, 2),
(12027, 5, 7594375395, 50, 0, 2),
(12028, 5, 6712188473, 50, 0, 2),
(12029, 5, 2208890620, 50, 0, 2),
(12030, 5, 2288981269, 50, 0, 2),
(12031, 5, 9973097809, 50, 0, 2),
(12032, 5, 1896394823, 50, 0, 2),
(12033, 5, 2970860175, 50, 0, 2),
(12034, 5, 3760501449, 50, 0, 2),
(12035, 5, 8671403230, 50, 0, 2),
(12036, 5, 1755800571, 50, 0, 2),
(12037, 5, 9570689751, 50, 0, 2),
(12038, 5, 3389266844, 50, 0, 2),
(12039, 5, 2201547772, 50, 0, 2),
(12040, 5, 9649910496, 50, 0, 2),
(12041, 5, 7726603789, 50, 0, 2),
(12042, 5, 1882911769, 50, 0, 2),
(12043, 5, 7136447410, 50, 0, 2),
(12044, 5, 8493070079, 50, 0, 2),
(12045, 5, 5961610907, 50, 0, 2),
(12046, 5, 9135285376, 50, 0, 2),
(12047, 5, 5795999970, 50, 0, 2),
(12048, 5, 5742321970, 50, 0, 2),
(12049, 5, 5281472873, 50, 0, 2),
(12050, 5, 3318543895, 50, 0, 2),
(12051, 5, 7551557955, 50, 0, 2),
(12053, 5, 9970144988, 50, 0, 2),
(12054, 5, 7695270968, 50, 0, 2),
(12055, 5, 2719890638, 50, 0, 2),
(12056, 5, 4424994437, 50, 0, 2),
(12057, 5, 6445397530, 50, 0, 2),
(12058, 5, 6195444082, 50, 0, 2),
(12059, 5, 3708278996, 50, 0, 2),
(12060, 5, 1398652770, 50, 0, 2),
(12061, 5, 5634618837, 50, 0, 2),
(12062, 5, 6801890273, 50, 0, 2),
(12063, 5, 4027084550, 50, 0, 2),
(12064, 5, 7073894610, 50, 0, 2),
(12065, 5, 7335549719, 50, 0, 2),
(12066, 5, 5004981923, 50, 0, 2),
(12067, 5, 7989167094, 50, 0, 2),
(12068, 5, 1426278728, 50, 0, 2),
(12069, 5, 6112308121, 50, 0, 2),
(12070, 5, 6134682824, 50, 0, 2),
(12071, 5, 7515671274, 50, 0, 2),
(12072, 5, 9094344424, 50, 0, 2),
(12073, 5, 2176044037, 50, 0, 2),
(12074, 5, 3570919890, 50, 0, 2),
(12075, 5, 2924451599, 50, 0, 2),
(12076, 5, 6961122849, 50, 0, 2),
(12077, 5, 3070546539, 50, 0, 2),
(12078, 5, 2237581064, 50, 0, 2),
(12079, 5, 5318899370, 50, 0, 2),
(12080, 5, 2942928712, 50, 0, 2),
(12081, 5, 8385091640, 50, 0, 2),
(12082, 5, 8676697337, 50, 0, 2),
(12083, 5, 6420833245, 50, 0, 2),
(12084, 5, 6383519977, 50, 0, 2),
(12085, 5, 7224252589, 50, 0, 2),
(12086, 5, 8964143974, 50, 0, 2),
(12087, 2, 3111450282, 51, 0, 1),
(12088, 2, 8430099755, 51, 0, 1),
(12089, 2, 4964734528, 51, 0, 1),
(12090, 2, 8799739906, 51, 0, 1),
(12091, 2, 1557911846, 51, 0, 1),
(12092, 2, 5075772015, 51, 0, 1),
(12093, 2, 9151787705, 51, 0, 1),
(12094, 2, 3130801638, 51, 0, 1),
(12095, 2, 7594375395, 51, 0, 1),
(12096, 2, 1755800571, 51, 0, 1),
(12097, 2, 5795999970, 51, 0, 1),
(12098, 2, 5281472873, 51, 0, 1),
(12099, 2, 7551557955, 51, 0, 1),
(12100, 2, 8073585802, 51, 0, 1),
(12101, 2, 5634618837, 51, 0, 1),
(12102, 2, 3605945870, 51, 0, 1),
(12103, 2, 8178892734, 51, 0, 1),
(12104, 2, 1895266425, 51, 0, 1),
(12105, 2, 6559358808, 51, 0, 1),
(12106, 2, 4027084550, 51, 0, 1),
(12107, 2, 7335549719, 51, 0, 1),
(12108, 2, 6112308121, 51, 0, 1),
(12109, 2, 3180394373, 52, 0, 1),
(12110, 2, 4964734528, 52, 0, 1),
(12111, 2, 8799739906, 52, 0, 1),
(12112, 2, 1557911846, 52, 0, 1),
(12113, 2, 1215437428, 52, 0, 1),
(12114, 2, 1515190247, 52, 0, 1),
(12115, 2, 9681577285, 52, 0, 1),
(12116, 2, 8074085537, 52, 0, 1),
(12117, 2, 8084608525, 52, 0, 1),
(12118, 2, 9618875534, 52, 0, 1),
(12119, 2, 7594375395, 52, 0, 1),
(12120, 2, 2288981269, 52, 0, 1),
(12121, 2, 1755800571, 52, 0, 1),
(12122, 2, 3192542506, 52, 0, 1),
(12123, 2, 2201547772, 52, 0, 1),
(12124, 2, 1338083172, 52, 0, 1),
(12125, 2, 5795999970, 52, 0, 1),
(12126, 2, 5281472873, 52, 0, 1),
(12127, 2, 8073585802, 52, 0, 1),
(12128, 2, 5634618837, 52, 0, 1),
(12129, 2, 3605945870, 52, 0, 1),
(12130, 2, 8178892734, 52, 0, 1),
(12131, 2, 1895266425, 52, 0, 1),
(12132, 2, 6559358808, 52, 0, 1),
(12133, 2, 4027084550, 52, 0, 1),
(12134, 2, 7335549719, 52, 0, 1),
(12135, 2, 6112308121, 52, 0, 1),
(12136, 2, 8430099755, 53, 0, 1),
(12137, 2, 4964734528, 53, 0, 1),
(12138, 2, 1215437428, 53, 0, 1),
(12139, 2, 9681577285, 53, 0, 1),
(12140, 2, 8084608525, 53, 0, 1),
(12141, 2, 9306151467, 53, 0, 1),
(12142, 2, 7594375395, 53, 0, 1),
(12143, 2, 1755800571, 53, 0, 1),
(12144, 2, 3192542506, 53, 0, 1),
(12145, 2, 2201547772, 53, 0, 1),
(12146, 2, 1338083172, 53, 0, 1),
(12147, 2, 5795999970, 53, 0, 1),
(12148, 2, 7551557955, 53, 0, 1),
(12149, 2, 8073585802, 53, 0, 1),
(12150, 2, 5634618837, 53, 0, 1),
(12151, 2, 3605945870, 53, 0, 1),
(12152, 2, 8178892734, 53, 0, 1),
(12153, 2, 1895266425, 53, 0, 1),
(12154, 2, 6559358808, 53, 0, 1),
(12155, 2, 4027084550, 53, 0, 1),
(12156, 2, 7335549719, 53, 0, 1),
(12157, 2, 6112308121, 53, 0, 1),
(12158, 2, 2288046566, 54, 0, 1),
(12159, 2, 3180394373, 54, 0, 1),
(12160, 2, 4964734528, 54, 0, 1),
(12161, 2, 8799739906, 54, 0, 1),
(12162, 2, 1557911846, 54, 0, 1),
(12163, 2, 1861829102, 54, 0, 1),
(12164, 2, 7594375395, 54, 0, 1),
(12165, 2, 1755800571, 54, 0, 1),
(12166, 2, 3192542506, 54, 0, 1),
(12167, 2, 7551557955, 54, 0, 1),
(12168, 2, 2719890638, 54, 0, 1),
(12169, 2, 8073585802, 54, 0, 1),
(12170, 2, 5634618837, 54, 0, 1),
(12171, 2, 3605945870, 54, 0, 1),
(12172, 2, 8178892734, 54, 0, 1),
(12173, 2, 1895266425, 54, 0, 1),
(12174, 2, 6559358808, 54, 0, 1),
(12175, 2, 4027084550, 54, 0, 1),
(12176, 2, 7335549719, 54, 0, 1),
(12177, 2, 6112308121, 54, 0, 1),
(12178, 2, 3111450282, 55, 0, 1),
(12179, 2, 7073298658, 55, 0, 1),
(12180, 2, 2288046566, 55, 0, 1),
(12181, 2, 8430099755, 55, 0, 1),
(12182, 2, 3180394373, 55, 0, 1),
(12183, 2, 4964734528, 55, 0, 1),
(12184, 2, 6140013518, 55, 0, 1),
(12185, 2, 8799739906, 55, 0, 1),
(12186, 2, 2534982388, 55, 0, 1),
(12187, 2, 9151787705, 55, 0, 1),
(12188, 2, 1215437428, 55, 0, 1),
(12189, 2, 1515190247, 55, 0, 1),
(12190, 2, 9681577285, 55, 0, 1),
(12191, 2, 8074085537, 55, 0, 1),
(12192, 2, 8084608525, 55, 0, 1),
(12193, 2, 9306151467, 55, 0, 1),
(12194, 2, 7594375395, 55, 0, 1),
(12195, 2, 1755800571, 55, 0, 1),
(12196, 2, 3192542506, 55, 0, 1),
(12197, 2, 2201547772, 55, 0, 1),
(12198, 2, 1338083172, 55, 0, 1),
(12199, 2, 5795999970, 55, 0, 1),
(12200, 2, 5281472873, 55, 0, 1),
(12201, 2, 7551557955, 55, 0, 1),
(12202, 2, 2719890638, 55, 0, 1),
(12203, 2, 8073585802, 55, 0, 1),
(12204, 2, 5634618837, 55, 0, 1),
(12205, 2, 3605945870, 55, 0, 1),
(12206, 2, 8178892734, 55, 0, 1),
(12207, 2, 1895266425, 55, 0, 1),
(12208, 2, 6559358808, 55, 0, 1),
(12209, 2, 4027084550, 55, 0, 1),
(12210, 2, 7335549719, 55, 0, 1),
(12211, 2, 6112308121, 55, 0, 1),
(12212, 2, 8430099755, 56, 0, 1),
(12213, 2, 8799739906, 56, 0, 1),
(12214, 2, 2534982388, 56, 0, 1),
(12215, 2, 1557911846, 56, 0, 1),
(12216, 2, 1215437428, 56, 0, 1),
(12217, 2, 9681577285, 56, 0, 1),
(12218, 2, 8074085537, 56, 0, 1),
(12219, 2, 7594375395, 56, 0, 1),
(12220, 2, 1755800571, 56, 0, 1),
(12221, 2, 5795999970, 56, 0, 1),
(12222, 2, 7551557955, 56, 0, 1),
(12223, 2, 2719890638, 56, 0, 1),
(12224, 2, 8073585802, 56, 0, 1),
(12225, 2, 5634618837, 56, 0, 1),
(12226, 2, 3605945870, 56, 0, 1),
(12227, 2, 8178892734, 56, 0, 1),
(12228, 2, 1895266425, 56, 0, 1),
(12229, 2, 6559358808, 56, 0, 1),
(12230, 2, 4027084550, 56, 0, 1),
(12231, 2, 7335549719, 56, 0, 1),
(12232, 2, 6112308121, 56, 0, 1),
(12233, 2, 4744881438, 57, 0, 1),
(12234, 2, 8430099755, 57, 0, 1),
(12235, 2, 3180394373, 57, 0, 1),
(12236, 2, 4964734528, 57, 0, 1),
(12237, 2, 1557911846, 57, 0, 1),
(12238, 2, 1861829102, 57, 0, 1),
(12239, 2, 8074085537, 57, 0, 1),
(12240, 2, 8084608525, 57, 0, 1),
(12241, 2, 7594375395, 57, 0, 1),
(12242, 2, 1755800571, 57, 0, 1),
(12243, 2, 3192542506, 57, 0, 1),
(12244, 2, 2201547772, 57, 0, 1),
(12245, 2, 2166228109, 57, 0, 1),
(12246, 2, 1338083172, 57, 0, 1),
(12247, 2, 5795999970, 57, 0, 1),
(12248, 2, 8178892734, 57, 0, 1),
(12249, 2, 4027084550, 57, 0, 1),
(12250, 2, 3111450282, 58, 0, 1),
(12251, 2, 8327170422, 58, 0, 1),
(12252, 2, 2288046566, 58, 0, 1),
(12253, 2, 4964734528, 58, 0, 1),
(12254, 2, 8799739906, 58, 0, 1),
(12255, 2, 1557911846, 58, 0, 1),
(12256, 2, 9151787705, 58, 0, 1),
(12257, 2, 1215437428, 58, 0, 1),
(12258, 2, 8074085537, 58, 0, 1),
(12259, 2, 2390734288, 58, 0, 1),
(12260, 2, 8084608525, 58, 0, 1),
(12261, 2, 6790189192, 58, 0, 1),
(12262, 2, 7594375395, 58, 0, 1),
(12263, 2, 1755800571, 58, 0, 1),
(12264, 2, 3192542506, 58, 0, 1),
(12265, 2, 2201547772, 58, 0, 1),
(12266, 2, 2166228109, 58, 0, 1),
(12267, 2, 1338083172, 58, 0, 1),
(12268, 2, 9135285376, 58, 0, 1),
(12269, 2, 5795999970, 58, 0, 1),
(12270, 2, 5281472873, 58, 0, 1),
(12271, 2, 7551557955, 58, 0, 1),
(12272, 2, 2719890638, 58, 0, 1),
(12273, 2, 3605945870, 58, 0, 1),
(12274, 2, 8178892734, 58, 0, 1),
(12275, 2, 7335549719, 58, 0, 1),
(12276, 2, 8074085537, 59, 0, 1),
(12277, 2, 7594375395, 59, 0, 1),
(12278, 2, 3192542506, 59, 0, 1),
(12279, 2, 2166228109, 59, 0, 1),
(12280, 2, 5795999970, 59, 0, 1),
(12281, 2, 5281472873, 59, 0, 1),
(12282, 2, 7551557955, 59, 0, 1),
(12283, 2, 2719890638, 59, 0, 1),
(12284, 2, 3605945870, 59, 0, 1),
(12285, 2, 8178892734, 59, 0, 1),
(12286, 2, 6112308121, 59, 0, 1),
(12287, 2, 4964734528, 60, 0, 1),
(12288, 2, 6140013518, 60, 0, 1),
(12289, 2, 9151787705, 60, 0, 1),
(12290, 2, 1215437428, 60, 0, 1),
(12291, 2, 8074085537, 60, 0, 1),
(12292, 2, 8084608525, 60, 0, 1),
(12293, 2, 6790189192, 60, 0, 1),
(12294, 2, 1755800571, 60, 0, 1),
(12295, 2, 2201547772, 60, 0, 1),
(12296, 2, 5795999970, 60, 0, 1),
(12297, 2, 5281472873, 60, 0, 1),
(12298, 2, 2719890638, 60, 0, 1),
(12299, 2, 3605945870, 60, 0, 1),
(12300, 2, 4744881438, 61, 0, 1),
(12301, 2, 1743741602, 61, 0, 1),
(12302, 2, 2288046566, 61, 0, 1),
(12303, 2, 2534982388, 61, 0, 1),
(12304, 2, 4889824168, 61, 0, 1),
(12305, 2, 6618082597, 61, 0, 1),
(12306, 2, 5795999970, 61, 0, 1),
(12307, 2, 2719890638, 61, 0, 1),
(12308, 2, 6195444082, 61, 0, 1),
(12309, 2, 4027084550, 61, 0, 1),
(12310, 2, 8445248099, 61, 0, 1),
(12311, 2, 5004981923, 61, 0, 1),
(12312, 2, 8581826390, 61, 0, 1),
(12313, 2, 2176044037, 61, 0, 1),
(12314, 2, 3570919890, 61, 0, 1),
(12315, 2, 2822390912, 61, 0, 1),
(12316, 2, 6581554276, 61, 0, 1),
(12317, 2, 7198733440, 61, 0, 1),
(12318, 2, 6420833245, 61, 0, 1),
(12319, 2, 8308797837, 61, 0, 1),
(12320, 2, 7073298658, 62, 0, 1),
(12321, 2, 6618082597, 62, 0, 1),
(12322, 2, 8074085537, 62, 0, 1),
(12323, 2, 6790189192, 62, 0, 1),
(12324, 2, 1338083172, 62, 0, 1),
(12325, 2, 5795999970, 62, 0, 1),
(12326, 2, 7469678058, 62, 0, 1),
(12327, 2, 4027084550, 62, 0, 1),
(12328, 2, 8445248099, 62, 0, 1),
(12329, 2, 2176044037, 62, 0, 1),
(12330, 2, 3570919890, 62, 0, 1),
(12331, 2, 2822390912, 62, 0, 1),
(12332, 2, 6581554276, 62, 0, 1),
(12333, 2, 7198733440, 62, 0, 1),
(12334, 2, 6420833245, 62, 0, 1),
(12335, 2, 8308797837, 62, 0, 1),
(12336, 2, 2288046566, 63, 0, 1),
(12337, 2, 8303725054, 63, 0, 1),
(12338, 2, 4889824168, 63, 0, 1),
(12339, 2, 6618082597, 63, 0, 1),
(12340, 2, 1515190247, 63, 0, 1),
(12341, 2, 6790189192, 63, 0, 1),
(12342, 2, 9306151467, 63, 0, 1),
(12343, 2, 3192542506, 63, 0, 1),
(12344, 2, 1338083172, 63, 0, 1),
(12345, 2, 5795999970, 63, 0, 1),
(12346, 2, 5281472873, 63, 0, 1),
(12347, 2, 2719890638, 63, 0, 1),
(12348, 2, 3605945870, 63, 0, 1),
(12349, 2, 8178892734, 63, 0, 1),
(12350, 2, 4027084550, 63, 0, 1),
(12351, 2, 8445248099, 63, 0, 1),
(12352, 2, 8581826390, 63, 0, 1),
(12353, 2, 2176044037, 63, 0, 1),
(12354, 2, 3570919890, 63, 0, 1),
(12355, 2, 2822390912, 63, 0, 1),
(12356, 2, 6581554276, 63, 0, 1),
(12357, 2, 7198733440, 63, 0, 1),
(12358, 2, 6420833245, 63, 0, 1),
(12359, 2, 8308797837, 63, 0, 1),
(12360, 2, 3111450282, 64, 0, 1),
(12361, 2, 1743741602, 64, 0, 1),
(12362, 2, 2288046566, 64, 0, 1),
(12363, 2, 8303725054, 64, 0, 1),
(12364, 2, 8799739906, 64, 0, 1),
(12365, 2, 6618082597, 64, 0, 1),
(12366, 2, 8074085537, 64, 0, 1),
(12367, 2, 8084608525, 64, 0, 1),
(12368, 2, 2288981269, 64, 0, 1),
(12369, 2, 3192542506, 64, 0, 1),
(12370, 2, 1338083172, 64, 0, 1),
(12371, 2, 5795999970, 64, 0, 1),
(12372, 2, 6195444082, 64, 0, 1),
(12373, 2, 4027084550, 64, 0, 1),
(12374, 2, 8445248099, 64, 0, 1),
(12375, 2, 7335549719, 64, 0, 1),
(12376, 2, 2176044037, 64, 0, 1),
(12377, 2, 3570919890, 64, 0, 1),
(12378, 2, 2822390912, 64, 0, 1),
(12379, 2, 6581554276, 64, 0, 1),
(12380, 2, 7198733440, 64, 0, 1),
(12381, 2, 6420833245, 64, 0, 1),
(12382, 2, 8308797837, 64, 0, 1),
(12383, 2, 8303725054, 65, 0, 1),
(12384, 2, 8799739906, 65, 0, 1),
(12385, 2, 4889824168, 65, 0, 1),
(12386, 2, 8074085537, 65, 0, 1),
(12387, 2, 8084608525, 65, 0, 1),
(12388, 2, 6790189192, 65, 0, 1),
(12389, 2, 1338083172, 65, 0, 1),
(12390, 2, 9135285376, 65, 0, 1),
(12391, 2, 5795999970, 65, 0, 1),
(12392, 2, 5281472873, 65, 0, 1),
(12393, 2, 2719890638, 65, 0, 1),
(12394, 2, 6195444082, 65, 0, 1),
(12395, 2, 3605945870, 65, 0, 1),
(12396, 2, 7469678058, 65, 0, 1),
(12397, 2, 7335549719, 65, 0, 1),
(12398, 2, 5004981923, 65, 0, 1),
(12399, 2, 8581826390, 65, 0, 1),
(12400, 2, 2176044037, 65, 0, 1),
(12401, 2, 3570919890, 65, 0, 1),
(12402, 2, 2822390912, 65, 0, 1),
(12403, 2, 6581554276, 65, 0, 1),
(12404, 2, 7198733440, 65, 0, 1),
(12405, 2, 6420833245, 65, 0, 1),
(12406, 2, 8308797837, 65, 0, 1),
(12407, 2, 7073298658, 66, 0, 1),
(12408, 2, 8799739906, 66, 0, 1),
(12409, 2, 9151787705, 66, 0, 1),
(12410, 2, 8074085537, 66, 0, 1),
(12411, 2, 8084608525, 66, 0, 1),
(12412, 2, 1338083172, 66, 0, 1),
(12413, 2, 5795999970, 66, 0, 1),
(12414, 2, 2719890638, 66, 0, 1),
(12415, 2, 6195444082, 66, 0, 1),
(12416, 2, 6559358808, 66, 0, 1),
(12417, 2, 4027084550, 66, 0, 1),
(12418, 2, 8581826390, 66, 0, 1),
(12419, 2, 2176044037, 66, 0, 1),
(12420, 2, 3570919890, 66, 0, 1),
(12421, 2, 2822390912, 66, 0, 1),
(12422, 2, 6581554276, 66, 0, 1),
(12423, 2, 7198733440, 66, 0, 1),
(12424, 2, 6420833245, 66, 0, 1),
(12425, 2, 8308797837, 66, 0, 1),
(12426, 2, 3111450282, 67, 0, 1),
(12427, 2, 7073298658, 67, 0, 1),
(12428, 2, 2288046566, 67, 0, 1),
(12429, 2, 4964734528, 67, 0, 1),
(12430, 2, 8799739906, 67, 0, 1),
(12431, 2, 2534982388, 67, 0, 1),
(12432, 2, 8084608525, 67, 0, 1),
(12433, 2, 3192542506, 67, 0, 1),
(12434, 2, 9135285376, 67, 0, 1),
(12435, 2, 5795999970, 67, 0, 1),
(12436, 2, 5634618837, 67, 0, 1),
(12437, 2, 8178892734, 67, 0, 1),
(12438, 2, 6559358808, 67, 0, 1),
(12439, 2, 4027084550, 67, 0, 1),
(12440, 2, 2176044037, 67, 0, 1),
(12441, 2, 2822390912, 67, 0, 1),
(12442, 2, 6581554276, 67, 0, 1),
(12443, 2, 3111450282, 68, 0, 1),
(12444, 2, 7073298658, 68, 0, 1),
(12445, 2, 3180394373, 68, 0, 1),
(12446, 2, 4964734528, 68, 0, 1),
(12447, 2, 8303725054, 68, 0, 1),
(12448, 2, 8799739906, 68, 0, 1),
(12449, 2, 4889824168, 68, 0, 1),
(12450, 2, 5075772015, 68, 0, 1),
(12451, 2, 9151787705, 68, 0, 1),
(12452, 2, 6618082597, 68, 0, 1),
(12453, 2, 8074085537, 68, 0, 1),
(12454, 2, 8084608525, 68, 0, 1),
(12455, 2, 4399303534, 68, 0, 1),
(12456, 2, 1154370556, 68, 0, 1),
(12457, 2, 3192542506, 68, 0, 1),
(12458, 2, 1338083172, 68, 0, 1),
(12459, 2, 5795999970, 68, 0, 1),
(12460, 2, 2719890638, 68, 0, 1),
(12461, 2, 6195444082, 68, 0, 1),
(12462, 2, 3605945870, 68, 0, 1),
(12463, 2, 6559358808, 68, 0, 1),
(12464, 2, 7469678058, 68, 0, 1),
(12465, 2, 4027084550, 68, 0, 1),
(12466, 2, 5004981923, 68, 0, 1),
(12467, 2, 8581826390, 68, 0, 1),
(12468, 2, 2176044037, 68, 0, 1),
(12469, 2, 3570919890, 68, 0, 1),
(12470, 2, 2822390912, 68, 0, 1),
(12471, 2, 7198733440, 68, 0, 1),
(12472, 2, 3111450282, 69, 0, 1),
(12473, 2, 7073298658, 69, 0, 1),
(12474, 2, 1743741602, 69, 0, 1),
(12475, 2, 3324627619, 69, 0, 1),
(12476, 2, 4964734528, 69, 0, 1),
(12477, 2, 8799739906, 69, 0, 1),
(12478, 2, 5075772015, 69, 0, 1),
(12479, 2, 9151787705, 69, 0, 1),
(12480, 2, 6618082597, 69, 0, 1),
(12481, 2, 9681577285, 69, 0, 1),
(12482, 2, 8074085537, 69, 0, 1),
(12483, 2, 8084608525, 69, 0, 1),
(12484, 2, 6790189192, 69, 0, 1),
(12485, 2, 7087334980, 69, 0, 1),
(12486, 2, 3192542506, 69, 0, 1),
(12487, 2, 1338083172, 69, 0, 1),
(12488, 2, 9135285376, 69, 0, 1),
(12489, 2, 5795999970, 69, 0, 1),
(12490, 2, 5281472873, 69, 0, 1),
(12491, 2, 2719890638, 69, 0, 1),
(12492, 2, 1895266425, 69, 0, 1),
(12493, 2, 4027084550, 69, 0, 1),
(12494, 2, 8445248099, 69, 0, 1),
(12495, 2, 7335549719, 69, 0, 1),
(12496, 2, 5004981923, 69, 0, 1),
(12497, 2, 2176044037, 69, 0, 1),
(12498, 2, 3570919890, 69, 0, 1),
(12499, 2, 2822390912, 69, 0, 1),
(12500, 2, 6581554276, 69, 0, 1),
(12501, 2, 7198733440, 69, 0, 1),
(12502, 2, 6420833245, 69, 0, 1),
(12503, 2, 8308797837, 69, 0, 1),
(12504, 2, 7073298658, 70, 0, 1),
(12505, 2, 4964734528, 70, 0, 1),
(12506, 2, 8303725054, 70, 0, 1),
(12507, 2, 8799739906, 70, 0, 1),
(12508, 2, 6618082597, 70, 0, 1),
(12509, 2, 9681577285, 70, 0, 1),
(12510, 2, 8074085537, 70, 0, 1),
(12511, 2, 8084608525, 70, 0, 1),
(12512, 2, 6790189192, 70, 0, 1),
(12513, 2, 7087334980, 70, 0, 1),
(12514, 2, 3192542506, 70, 0, 1),
(12515, 2, 1338083172, 70, 0, 1),
(12516, 2, 9135285376, 70, 0, 1),
(12517, 2, 5795999970, 70, 0, 1),
(12518, 2, 5281472873, 70, 0, 1),
(12519, 2, 2719890638, 70, 0, 1),
(12520, 2, 5634618837, 70, 0, 1),
(12521, 2, 4027084550, 70, 0, 1),
(12522, 2, 8445248099, 70, 0, 1),
(12523, 2, 5004981923, 70, 0, 1),
(12524, 2, 2176044037, 70, 0, 1),
(12525, 2, 6581554276, 70, 0, 1),
(12526, 2, 7073298658, 71, 0, 1),
(12527, 2, 1743741602, 71, 0, 1),
(12528, 2, 2288046566, 71, 0, 1),
(12529, 2, 3324627619, 71, 0, 1),
(12530, 2, 4964734528, 71, 0, 1),
(12531, 2, 8303725054, 71, 0, 1),
(12532, 2, 2534982388, 71, 0, 1),
(12533, 2, 4889824168, 71, 0, 1),
(12534, 2, 6618082597, 71, 0, 1),
(12535, 2, 8074085537, 71, 0, 1),
(12536, 2, 8084608525, 71, 0, 1),
(12537, 2, 4399303534, 71, 0, 1),
(12538, 2, 1154370556, 71, 0, 1),
(12539, 2, 7087334980, 71, 0, 1),
(12540, 2, 1338083172, 71, 0, 1),
(12541, 2, 9135285376, 71, 0, 1),
(12542, 2, 5795999970, 71, 0, 1),
(12543, 2, 5281472873, 71, 0, 1),
(12544, 2, 2719890638, 71, 0, 1),
(12545, 2, 6195444082, 71, 0, 1),
(12546, 2, 3605945870, 71, 0, 1),
(12547, 2, 6559358808, 71, 0, 1),
(12548, 2, 8445248099, 71, 0, 1),
(12549, 2, 5004981923, 71, 0, 1),
(12550, 2, 8581826390, 71, 0, 1),
(12551, 2, 2176044037, 71, 0, 1),
(12552, 2, 3570919890, 71, 0, 1),
(12553, 2, 2822390912, 71, 0, 1),
(12554, 2, 6581554276, 71, 0, 1),
(12555, 2, 6420833245, 71, 0, 1),
(12556, 2, 6140013518, 72, 1, 2),
(12557, 2, 9151787705, 72, 1, 2),
(12558, 2, 9618875534, 72, 1, 2),
(12559, 2, 7594375395, 72, 1, 2),
(12560, 2, 3192542506, 72, 1, 2),
(12561, 2, 2201547772, 72, 0, 2),
(12562, 2, 2166228109, 72, 1, 2),
(12563, 2, 8073585802, 72, 0, 2),
(12564, 2, 5634618837, 72, 0, 2),
(12565, 2, 3605945870, 72, 0, 2),
(12566, 2, 8178892734, 72, 0, 2),
(12567, 2, 1895266425, 72, 0, 2),
(12568, 2, 6559358808, 72, 0, 2),
(12569, 2, 4027084550, 72, 0, 2),
(12570, 2, 7335549719, 72, 0, 2),
(12571, 2, 6112308121, 72, 0, 2),
(12572, 2, 4481172145, 51, 1, 2),
(12573, 2, 3324627619, 51, 1, 2),
(12574, 2, 3180394373, 51, 1, 2),
(12575, 2, 1215437428, 51, 1, 2),
(12576, 2, 1515190247, 51, 1, 2),
(12577, 2, 9681577285, 51, 1, 2),
(12578, 2, 3192542506, 51, 1, 2),
(12579, 2, 9135285376, 51, 1, 2),
(12580, 2, 5795999970, 51, 1, 2),
(12581, 2, 7551557955, 51, 1, 2),
(12582, 2, 8073585802, 51, 0, 2),
(12583, 2, 5634618837, 51, 0, 2),
(12584, 2, 3605945870, 51, 0, 2),
(12585, 2, 8178892734, 51, 0, 2),
(12586, 2, 1895266425, 51, 0, 2),
(12587, 2, 6559358808, 51, 0, 2),
(12588, 2, 4027084550, 51, 0, 2),
(12589, 2, 7335549719, 51, 0, 2),
(12590, 2, 6112308121, 51, 0, 2),
(12591, 2, 6957159719, 52, 1, 2),
(12592, 2, 8430099755, 52, 1, 2),
(12593, 2, 8799739906, 52, 1, 2),
(12594, 2, 5075772015, 52, 1, 2),
(12595, 2, 9151787705, 52, 1, 2),
(12596, 2, 1215437428, 52, 1, 2),
(12597, 2, 9681577285, 52, 0, 2),
(12598, 2, 2390734288, 52, 1, 2),
(12599, 2, 1154370556, 52, 1, 2),
(12600, 2, 3192542506, 52, 1, 2),
(12601, 2, 2166228109, 52, 0, 2),
(12602, 2, 7551557955, 52, 0, 2),
(12603, 2, 8073585802, 52, 0, 2),
(12604, 2, 5634618837, 52, 0, 2),
(12605, 2, 3605945870, 52, 0, 2),
(12606, 2, 8178892734, 52, 0, 2),
(12607, 2, 1895266425, 52, 0, 2),
(12608, 2, 6559358808, 52, 0, 2),
(12609, 2, 4027084550, 52, 0, 2),
(12610, 2, 7335549719, 52, 0, 2),
(12611, 2, 6112308121, 52, 0, 2),
(12612, 2, 7073298658, 53, 1, 2),
(12613, 2, 1557911846, 53, 1, 2),
(12614, 2, 1215437428, 53, 1, 2),
(12615, 2, 8074085537, 53, 1, 2),
(12616, 2, 3192542506, 53, 1, 2),
(12617, 2, 8073585802, 53, 0, 2),
(12618, 2, 5634618837, 53, 0, 2),
(12619, 2, 3605945870, 53, 0, 2),
(12620, 2, 8178892734, 53, 0, 2),
(12621, 2, 1895266425, 53, 0, 2),
(12622, 2, 6559358808, 53, 0, 2),
(12623, 2, 4027084550, 53, 0, 2),
(12624, 2, 7335549719, 53, 0, 2),
(12625, 2, 6112308121, 53, 0, 2),
(12626, 2, 2288046566, 54, 1, 2),
(12627, 2, 4964734528, 54, 1, 2),
(12628, 2, 6140013518, 54, 1, 2),
(12629, 2, 1215437428, 54, 1, 2),
(12630, 2, 8074085537, 54, 1, 2),
(12631, 2, 2390734288, 54, 0, 2),
(12632, 2, 2288981269, 54, 1, 2),
(12633, 2, 1755800571, 54, 0, 2),
(12634, 2, 3192542506, 54, 1, 2),
(12635, 2, 9135285376, 54, 1, 2),
(12636, 2, 5795999970, 54, 1, 2),
(12637, 2, 5281472873, 54, 0, 2),
(12638, 2, 7551557955, 54, 1, 2),
(12639, 2, 8073585802, 54, 0, 2),
(12640, 2, 5634618837, 54, 0, 2),
(12641, 2, 3605945870, 54, 0, 2),
(12642, 2, 8178892734, 54, 0, 2),
(12643, 2, 1895266425, 54, 0, 2),
(12644, 2, 6559358808, 54, 0, 2),
(12645, 2, 4027084550, 54, 0, 2),
(12646, 2, 7335549719, 54, 0, 2),
(12647, 2, 6112308121, 54, 0, 2),
(12648, 2, 6140013518, 55, 1, 2),
(12649, 2, 8799739906, 55, 1, 2),
(12650, 2, 1215437428, 55, 0, 2),
(12651, 2, 8084608525, 55, 1, 2),
(12652, 2, 7594375395, 55, 1, 2),
(12653, 2, 3192542506, 55, 1, 2),
(12654, 2, 9135285376, 55, 0, 2),
(12655, 2, 4027084550, 55, 0, 2),
(12656, 2, 8430099755, 56, 1, 2),
(12657, 2, 4964734528, 56, 1, 2),
(12658, 2, 8799739906, 56, 1, 2),
(12659, 2, 2534982388, 56, 1, 2),
(12660, 2, 1215437428, 56, 0, 2),
(12661, 2, 1515190247, 56, 1, 2),
(12662, 2, 3192542506, 56, 1, 2),
(12663, 2, 2201547772, 56, 0, 2),
(12664, 2, 2166228109, 56, 0, 2),
(12665, 2, 5795999970, 56, 1, 2),
(12666, 2, 7551557955, 56, 0, 2),
(12667, 2, 3605945870, 56, 1, 2),
(12668, 2, 3111450282, 57, 1, 2),
(12669, 2, 8430099755, 57, 1, 2),
(12670, 2, 3180394373, 57, 1, 2),
(12671, 2, 2534982388, 57, 1, 2),
(12672, 2, 1215437428, 57, 0, 2),
(12673, 2, 8084608525, 57, 1, 2),
(12674, 2, 9306151467, 57, 1, 2),
(12675, 2, 7594375395, 57, 0, 2),
(12676, 2, 3192542506, 57, 0, 2),
(12677, 2, 7551557955, 57, 0, 2),
(12678, 2, 4027084550, 57, 1, 2),
(12679, 2, 4744881438, 58, 1, 2),
(12680, 2, 8327170422, 58, 1, 2),
(12681, 2, 2288046566, 58, 0, 2),
(12682, 2, 8430099755, 58, 0, 2),
(12683, 2, 3180394373, 58, 0, 2),
(12684, 2, 6140013518, 58, 0, 2),
(12685, 2, 8799739906, 58, 1, 2),
(12686, 2, 9151787705, 58, 1, 2),
(12687, 2, 1215437428, 58, 0, 2),
(12688, 2, 1154370556, 58, 1, 2),
(12689, 2, 1755800571, 58, 1, 2),
(12690, 2, 3192542506, 58, 0, 2),
(12691, 2, 2166228109, 58, 0, 2),
(12692, 2, 1338083172, 58, 0, 2),
(12693, 2, 9135285376, 58, 0, 2),
(12694, 2, 5795999970, 58, 1, 2),
(12695, 2, 7551557955, 58, 0, 2),
(12696, 2, 2719890638, 58, 0, 2),
(12697, 2, 3605945870, 58, 1, 2),
(12698, 2, 3180394373, 59, 0, 2),
(12699, 2, 4964734528, 59, 0, 2),
(12700, 2, 5075772015, 59, 0, 2),
(12701, 2, 1861829102, 59, 0, 2),
(12702, 2, 1215437428, 59, 0, 2),
(12703, 2, 8084608525, 59, 0, 2),
(12704, 2, 7594375395, 59, 1, 2),
(12705, 2, 1755800571, 59, 0, 2),
(12706, 2, 3192542506, 59, 0, 2),
(12707, 2, 2201547772, 59, 0, 2),
(12708, 2, 2166228109, 59, 0, 2),
(12709, 2, 1338083172, 59, 0, 2),
(12710, 2, 9135285376, 59, 0, 2),
(12711, 2, 5281472873, 59, 0, 2),
(12712, 2, 7551557955, 59, 0, 2),
(12713, 2, 5634618837, 59, 0, 2),
(12714, 2, 1895266425, 59, 0, 2),
(12715, 2, 4027084550, 59, 0, 2),
(12716, 2, 7073298658, 60, 0, 2),
(12717, 2, 8327170422, 60, 0, 2),
(12718, 2, 3324627619, 60, 1, 2),
(12719, 2, 8799739906, 60, 0, 2),
(12720, 2, 1557911846, 60, 0, 2),
(12721, 2, 9151787705, 60, 0, 2),
(12722, 2, 1861829102, 60, 0, 2),
(12723, 2, 1215437428, 60, 0, 2),
(12724, 2, 1515190247, 60, 0, 2),
(12725, 2, 6790189192, 60, 0, 2),
(12726, 2, 2201547772, 60, 0, 2),
(12727, 2, 2166228109, 60, 0, 2),
(12728, 2, 1338083172, 60, 0, 2),
(12729, 2, 7551557955, 60, 0, 2),
(12730, 2, 3605945870, 60, 0, 2),
(12731, 2, 8178892734, 60, 0, 2),
(12732, 2, 4027084550, 60, 0, 2),
(12733, 2, 6112308121, 60, 0, 2),
(12734, 2, 4889824168, 61, 1, 2),
(12735, 2, 5075772015, 61, 1, 2),
(12736, 2, 9151787705, 61, 1, 2),
(12737, 2, 8074085537, 61, 1, 2),
(12738, 2, 8084608525, 61, 1, 2),
(12739, 2, 1154370556, 61, 1, 2),
(12740, 2, 7594375395, 61, 0, 2),
(12741, 2, 7087334980, 61, 1, 2),
(12742, 2, 6195444082, 61, 0, 2),
(12743, 2, 1895266425, 61, 1, 2),
(12744, 2, 8445248099, 61, 0, 2),
(12745, 2, 7335549719, 61, 0, 2),
(12746, 2, 2176044037, 61, 0, 2),
(12747, 2, 2595258792, 61, 0, 2),
(12748, 2, 3570919890, 61, 0, 2),
(12749, 2, 3805153986, 61, 0, 2),
(12750, 2, 2822390912, 61, 0, 2),
(12751, 2, 6581554276, 61, 0, 2),
(12752, 2, 7198733440, 61, 0, 2),
(12753, 2, 8385091640, 61, 0, 2),
(12754, 2, 6420833245, 61, 0, 2),
(12755, 2, 8308797837, 61, 0, 2),
(12756, 2, 8799739906, 62, 1, 2),
(12757, 2, 5075772015, 62, 1, 2),
(12758, 2, 4399303534, 62, 1, 2),
(12759, 2, 7594375395, 62, 0, 2),
(12760, 2, 3605945870, 62, 1, 2),
(12761, 2, 6559358808, 62, 0, 2),
(12762, 2, 8445248099, 62, 0, 2),
(12763, 2, 5004981923, 62, 0, 2),
(12764, 2, 2176044037, 62, 0, 2),
(12765, 2, 2595258792, 62, 0, 2),
(12766, 2, 3570919890, 62, 0, 2),
(12767, 2, 3805153986, 62, 0, 2),
(12768, 2, 2822390912, 62, 0, 2),
(12769, 2, 6581554276, 62, 0, 2),
(12770, 2, 7198733440, 62, 0, 2),
(12771, 2, 8385091640, 62, 0, 2),
(12772, 2, 6420833245, 62, 0, 2),
(12773, 2, 8308797837, 62, 0, 2),
(12774, 2, 3180394373, 63, 1, 2),
(12775, 2, 4399303534, 63, 1, 2),
(12776, 2, 6790189192, 63, 1, 2),
(12777, 2, 7594375395, 63, 0, 2),
(12778, 2, 8445248099, 63, 0, 2),
(12779, 2, 8581826390, 63, 0, 2),
(12780, 2, 2176044037, 63, 0, 2),
(12781, 2, 2595258792, 63, 0, 2),
(12782, 2, 3570919890, 63, 0, 2),
(12783, 2, 3805153986, 63, 0, 2),
(12784, 2, 2822390912, 63, 0, 2),
(12785, 2, 6581554276, 63, 0, 2),
(12786, 2, 7198733440, 63, 0, 2),
(12787, 2, 8385091640, 63, 0, 2),
(12788, 2, 6420833245, 63, 0, 2),
(12789, 2, 8308797837, 63, 0, 2),
(12790, 2, 1743741602, 64, 1, 2),
(12791, 2, 9151787705, 64, 1, 2),
(12792, 2, 8084608525, 64, 1, 2),
(12793, 2, 9306151467, 64, 1, 2),
(12794, 2, 7594375395, 64, 0, 2),
(12795, 2, 1338083172, 64, 0, 2),
(12796, 2, 5281472873, 64, 1, 2),
(12797, 2, 7469678058, 64, 1, 2),
(12798, 2, 8581826390, 64, 0, 2),
(12799, 2, 2176044037, 64, 0, 2),
(12800, 2, 2595258792, 64, 0, 2),
(12801, 2, 3570919890, 64, 0, 2),
(12802, 2, 3805153986, 64, 0, 2),
(12803, 2, 2822390912, 64, 0, 2),
(12804, 2, 6581554276, 64, 0, 2),
(12805, 2, 7198733440, 64, 0, 2),
(12806, 2, 8385091640, 64, 0, 2),
(12807, 2, 6420833245, 64, 0, 2),
(12808, 2, 8308797837, 64, 0, 2),
(12809, 2, 2288046566, 65, 1, 2),
(12810, 2, 4399303534, 65, 0, 2),
(12811, 2, 1154370556, 65, 1, 2),
(12812, 2, 7594375395, 65, 0, 2),
(12813, 2, 9135285376, 65, 0, 2),
(12814, 2, 6195444082, 65, 1, 2),
(12815, 2, 6559358808, 65, 1, 2),
(12816, 2, 8445248099, 65, 1, 2),
(12817, 2, 2176044037, 65, 0, 2),
(12818, 2, 2595258792, 65, 0, 2),
(12819, 2, 3570919890, 65, 0, 2),
(12820, 2, 3805153986, 65, 0, 2),
(12821, 2, 2822390912, 65, 0, 2),
(12822, 2, 6581554276, 65, 0, 2),
(12823, 2, 7198733440, 65, 0, 2),
(12824, 2, 8385091640, 65, 0, 2),
(12825, 2, 6420833245, 65, 0, 2),
(12826, 2, 8308797837, 65, 0, 2),
(12827, 2, 3111450282, 66, 1, 2),
(12828, 2, 7073298658, 66, 1, 2),
(12829, 2, 2534982388, 66, 1, 2),
(12830, 2, 9151787705, 66, 1, 2),
(12831, 2, 8084608525, 66, 0, 2),
(12832, 2, 7594375395, 66, 0, 2),
(12833, 2, 6195444082, 66, 1, 2),
(12834, 2, 3605945870, 66, 1, 2),
(12835, 2, 1895266425, 66, 1, 2),
(12836, 2, 6559358808, 66, 1, 2),
(12837, 2, 7469678058, 66, 1, 2),
(12838, 2, 2176044037, 66, 0, 2),
(12839, 2, 2595258792, 66, 0, 2),
(12840, 2, 3570919890, 66, 0, 2),
(12841, 2, 3805153986, 66, 0, 2),
(12842, 2, 2822390912, 66, 0, 2),
(12843, 2, 6581554276, 66, 0, 2),
(12844, 2, 7198733440, 66, 0, 2),
(12845, 2, 8385091640, 66, 0, 2),
(12846, 2, 6420833245, 66, 0, 2),
(12847, 2, 8308797837, 66, 0, 2),
(12848, 2, 7073298658, 67, 1, 2),
(12849, 2, 2288046566, 67, 1, 2),
(12850, 2, 3324627619, 67, 1, 2),
(12851, 2, 3180394373, 67, 1, 2),
(12852, 2, 4889824168, 67, 1, 2),
(12853, 2, 4399303534, 67, 1, 2),
(12854, 2, 1154370556, 67, 1, 2),
(12855, 2, 3192542506, 67, 1, 2),
(12856, 2, 1338083172, 67, 1, 2),
(12857, 2, 7469678058, 67, 1, 2),
(12858, 2, 8581826390, 67, 1, 2),
(12859, 2, 2176044037, 67, 1, 2),
(12860, 2, 3570919890, 67, 1, 2),
(12861, 2, 6581554276, 67, 1, 2),
(12862, 2, 6420833245, 67, 1, 2),
(12863, 2, 4744881438, 68, 1, 2),
(12864, 2, 3180394373, 68, 1, 2),
(12865, 2, 6618082597, 68, 0, 2),
(12866, 2, 4399303534, 68, 0, 2),
(12867, 2, 6790189192, 68, 1, 2),
(12868, 2, 7087334980, 68, 1, 2),
(12869, 2, 9135285376, 68, 0, 2),
(12870, 2, 6195444082, 68, 0, 2),
(12871, 2, 1895266425, 68, 1, 2),
(12872, 2, 7469678058, 68, 1, 2),
(12873, 2, 5004981923, 68, 0, 2),
(12874, 2, 8581826390, 68, 0, 2),
(12875, 2, 2176044037, 68, 1, 2),
(12876, 2, 3570919890, 68, 1, 2),
(12877, 2, 7198733440, 68, 1, 2),
(12878, 2, 7073298658, 69, 1, 2),
(12879, 2, 1743741602, 69, 1, 2),
(12880, 2, 2288046566, 69, 1, 2),
(12881, 2, 8799739906, 69, 1, 2),
(12882, 2, 4889824168, 69, 1, 2),
(12883, 2, 6618082597, 69, 0, 2),
(12884, 2, 7469678058, 69, 1, 2),
(12885, 2, 2176044037, 69, 1, 2),
(12886, 2, 2822390912, 69, 1, 2),
(12887, 2, 7198733440, 69, 1, 2),
(12888, 2, 3111450282, 70, 1, 2),
(12889, 2, 1743741602, 70, 1, 2),
(12890, 2, 2288046566, 70, 1, 2),
(12891, 2, 4964734528, 70, 1, 2),
(12892, 2, 8303725054, 70, 1, 2),
(12893, 2, 8799739906, 70, 1, 2),
(12894, 2, 9151787705, 70, 1, 2),
(12895, 2, 6618082597, 70, 0, 2),
(12896, 2, 8084608525, 70, 0, 2),
(12897, 2, 4399303534, 70, 0, 2),
(12898, 2, 9306151467, 70, 1, 2),
(12899, 2, 7087334980, 70, 0, 2),
(12900, 2, 1338083172, 70, 0, 2),
(12901, 2, 6559358808, 70, 0, 2),
(12902, 2, 8581826390, 70, 0, 2),
(12903, 2, 2176044037, 70, 1, 2),
(12904, 2, 6420833245, 70, 1, 2),
(12905, 2, 8308797837, 70, 1, 2),
(12906, 2, 2288046566, 71, 1, 2),
(12907, 2, 3324627619, 71, 1, 2),
(12908, 2, 8799739906, 71, 1, 2),
(12909, 2, 4889824168, 71, 0, 2),
(12910, 2, 9151787705, 71, 0, 2),
(12911, 2, 6618082597, 71, 0, 2),
(12912, 2, 4399303534, 71, 1, 2),
(12913, 2, 6195444082, 71, 1, 2),
(12914, 2, 5634618837, 71, 0, 2),
(12915, 2, 8581826390, 71, 0, 2),
(12916, 2, 2176044037, 71, 1, 2),
(12917, 2, 6581554276, 71, 1, 2),
(12918, 3, 7437346078, 73, 1, 2),
(12919, 3, 1896394823, 73, 1, 2),
(12920, 3, 8493070079, 73, 0, 2),
(12921, 3, 7437346078, 74, 0, 2),
(12922, 3, 9010001314, 74, 0, 2),
(12923, 3, 8084608525, 74, 1, 2),
(12924, 3, 9570689751, 74, 1, 2),
(12925, 3, 8493070079, 74, 0, 2),
(12926, 3, 9970144988, 74, 1, 2),
(12927, 3, 6445397530, 74, 0, 2),
(12928, 3, 6195444082, 74, 0, 2),
(12929, 3, 3708278996, 74, 1, 2),
(12930, 3, 2590100013, 75, 1, 2),
(12931, 3, 7437346078, 75, 0, 2),
(12932, 3, 7351053539, 75, 1, 2),
(12933, 3, 1896394823, 75, 0, 2),
(12934, 3, 9570689751, 75, 1, 2),
(12935, 3, 8493070079, 75, 0, 2),
(12936, 3, 4984083122, 75, 1, 2),
(12937, 3, 6445397530, 75, 0, 2),
(12938, 3, 6195444082, 75, 0, 2),
(12939, 3, 2590100013, 76, 1, 2),
(12940, 3, 6017045031, 76, 1, 2),
(12941, 3, 7437346078, 76, 0, 2),
(12942, 3, 7979826605, 76, 0, 2),
(12943, 3, 3546042283, 76, 1, 2),
(12944, 3, 9010001314, 76, 0, 2),
(12945, 3, 9570689751, 76, 0, 2),
(12946, 3, 8493070079, 76, 1, 2),
(12947, 3, 8341117479, 76, 1, 2),
(12948, 3, 7695270968, 76, 1, 2),
(12949, 3, 4984083122, 76, 1, 2),
(12950, 3, 6445397530, 76, 0, 2),
(12951, 3, 6195444082, 76, 0, 2),
(12952, 3, 7437346078, 77, 0, 2),
(12953, 3, 7979826605, 77, 1, 2),
(12954, 3, 9681577285, 77, 1, 2),
(12955, 3, 1896394823, 77, 0, 2),
(12956, 3, 8493070079, 77, 0, 2),
(12957, 3, 6445397530, 77, 0, 2),
(12958, 3, 6195444082, 77, 0, 2),
(12959, 3, 7437346078, 78, 0, 2),
(12960, 3, 9010001314, 78, 0, 2),
(12961, 3, 4538832526, 78, 1, 2),
(12962, 3, 1896394823, 78, 1, 2),
(12963, 3, 9570689751, 78, 1, 2),
(12964, 3, 8493070079, 78, 0, 2),
(12965, 3, 4984083122, 78, 1, 2),
(12966, 3, 6445397530, 78, 0, 2),
(12967, 3, 6195444082, 78, 0, 2),
(12968, 3, 1398652770, 78, 1, 2),
(12969, 3, 7437346078, 79, 0, 2),
(12970, 3, 9010001314, 79, 0, 2),
(12971, 3, 7941970041, 79, 1, 2),
(12972, 3, 8084608525, 79, 1, 2),
(12973, 3, 8493070079, 79, 0, 2),
(12974, 3, 9970144988, 79, 1, 2),
(12975, 3, 6445397530, 79, 0, 2),
(12976, 3, 6195444082, 79, 0, 2),
(12977, 3, 3708278996, 79, 1, 2),
(12978, 3, 1398652770, 79, 1, 2),
(12979, 3, 3893615006, 79, 0, 2),
(12980, 3, 6801890273, 79, 0, 2),
(12981, 3, 7073894610, 79, 1, 2),
(12982, 3, 7989167094, 79, 0, 2),
(12983, 3, 2590100013, 80, 1, 2),
(12984, 3, 8327170422, 80, 1, 2),
(12985, 3, 7437346078, 80, 0, 2),
(12986, 3, 7979826605, 80, 1, 2),
(12987, 3, 9010001314, 80, 0, 2),
(12988, 3, 7941970041, 80, 1, 2),
(12989, 3, 2208890620, 80, 1, 2),
(12990, 3, 9073271965, 80, 1, 2),
(12991, 3, 9570689751, 80, 1, 2),
(12992, 3, 8493070079, 80, 0, 2),
(12993, 3, 9970144988, 80, 1, 2),
(12994, 3, 6445397530, 80, 0, 2),
(12995, 3, 6195444082, 80, 0, 2),
(12996, 3, 3708278996, 80, 1, 2),
(12997, 3, 1398652770, 80, 1, 2),
(12998, 3, 3893615006, 80, 1, 2),
(12999, 3, 8206645698, 80, 0, 2),
(13000, 3, 8445248099, 80, 0, 2),
(13001, 3, 1374413511, 80, 1, 2),
(13002, 3, 7437346078, 81, 0, 2),
(13003, 3, 7351053539, 81, 1, 2),
(13004, 3, 9010001314, 81, 1, 2),
(13005, 3, 9681577285, 81, 1, 2),
(13006, 3, 7941970041, 81, 1, 2),
(13007, 3, 8084608525, 81, 1, 2),
(13008, 3, 2208890620, 81, 1, 2),
(13009, 3, 2137041692, 81, 1, 2),
(13010, 3, 9073271965, 81, 1, 2),
(13011, 3, 9570689751, 81, 1, 2),
(13012, 3, 8493070079, 81, 0, 2),
(13013, 3, 8341117479, 81, 1, 2),
(13014, 3, 9970144988, 81, 1, 2),
(13015, 3, 7695270968, 81, 1, 2),
(13016, 3, 4984083122, 81, 1, 2),
(13017, 3, 6445397530, 81, 0, 2),
(13018, 3, 1398652770, 81, 1, 2),
(13019, 3, 6801890273, 81, 1, 2),
(13020, 3, 8206645698, 81, 1, 2),
(13021, 3, 1374413511, 81, 1, 2),
(13022, 3, 7989167094, 81, 0, 2),
(13023, 3, 8327170422, 82, 1, 2),
(13024, 3, 7437346078, 82, 0, 2),
(13025, 3, 7351053539, 82, 1, 2),
(13026, 3, 7358122866, 82, 1, 2),
(13027, 3, 9010001314, 82, 1, 2),
(13028, 3, 7941970041, 82, 1, 2),
(13029, 3, 9073271965, 82, 1, 2),
(13030, 3, 9570689751, 82, 1, 2),
(13031, 3, 1882911769, 82, 1, 2),
(13032, 3, 8493070079, 82, 0, 2),
(13033, 3, 7695270968, 82, 1, 2),
(13034, 3, 6445397530, 82, 0, 2),
(13035, 3, 3893615006, 82, 1, 2),
(13036, 3, 9120929363, 82, 1, 2),
(13037, 3, 6801890273, 82, 1, 2),
(13038, 3, 8206645698, 82, 1, 2),
(13039, 3, 7073894610, 82, 1, 2),
(13040, 3, 8999530819, 82, 1, 2),
(13041, 3, 8445248099, 82, 1, 2),
(13042, 3, 1374413511, 82, 1, 2),
(13043, 3, 7989167094, 82, 1, 2),
(13044, 3, 6134682824, 82, 1, 2),
(13045, 3, 7437346078, 83, 1, 2),
(13046, 3, 7351053539, 83, 0, 2),
(13047, 3, 7358122866, 83, 1, 2),
(13048, 3, 7941970041, 83, 1, 2),
(13049, 3, 2208890620, 83, 1, 2),
(13050, 3, 1896394823, 83, 1, 2),
(13051, 3, 9570689751, 83, 1, 2),
(13052, 3, 4984083122, 83, 0, 2),
(13053, 3, 6961122849, 83, 0, 2),
(13054, 3, 1101656448, 83, 0, 2),
(13055, 3, 5354403258, 83, 0, 2),
(13056, 3, 3519584652, 83, 0, 2),
(13057, 3, 2101585113, 83, 0, 2),
(13058, 3, 9768382860, 83, 0, 2),
(13059, 3, 8777388469, 83, 0, 2),
(13060, 3, 8676697337, 83, 0, 2),
(13061, 3, 9289596160, 83, 0, 2),
(13062, 3, 8308797837, 83, 0, 2),
(13063, 3, 7224252589, 83, 0, 2),
(13064, 3, 2590100013, 84, 1, 2),
(13065, 3, 8327170422, 84, 1, 2),
(13066, 3, 7437346078, 84, 1, 2),
(13067, 3, 7351053539, 84, 0, 2),
(13068, 3, 3546042283, 84, 1, 2),
(13069, 3, 4538832526, 84, 1, 2),
(13070, 3, 8084608525, 84, 1, 2),
(13071, 3, 2208890620, 84, 1, 2),
(13072, 3, 1896394823, 84, 1, 2),
(13073, 3, 1398652770, 84, 1, 2),
(13074, 3, 6801890273, 84, 0, 2),
(13075, 3, 8999530819, 84, 1, 2),
(13076, 3, 6134682824, 84, 1, 2),
(13077, 3, 6961122849, 84, 0, 2),
(13078, 3, 1101656448, 84, 0, 2),
(13079, 3, 5354403258, 84, 0, 2),
(13080, 3, 3519584652, 84, 0, 2),
(13081, 3, 2101585113, 84, 0, 2),
(13082, 3, 9768382860, 84, 0, 2),
(13083, 3, 8777388469, 84, 0, 2),
(13084, 3, 8676697337, 84, 0, 2),
(13085, 3, 9289596160, 84, 0, 2),
(13086, 3, 8308797837, 84, 0, 2),
(13087, 3, 7224252589, 84, 0, 2),
(13088, 3, 2590100013, 85, 0, 2),
(13089, 3, 7351053539, 85, 0, 2),
(13090, 3, 7941970041, 85, 0, 2),
(13091, 3, 1896394823, 85, 0, 2),
(13092, 3, 9073271965, 85, 1, 2),
(13093, 3, 9970144988, 85, 0, 2),
(13094, 3, 4984083122, 85, 1, 2),
(13095, 3, 3708278996, 85, 0, 2),
(13096, 3, 6801890273, 85, 0, 2),
(13097, 3, 6961122849, 85, 0, 2),
(13098, 3, 1101656448, 85, 0, 2),
(13099, 3, 5354403258, 85, 0, 2),
(13100, 3, 3519584652, 85, 0, 2),
(13101, 3, 2101585113, 85, 0, 2),
(13102, 3, 9768382860, 85, 0, 2),
(13103, 3, 8777388469, 85, 0, 2),
(13104, 3, 8676697337, 85, 0, 2),
(13105, 3, 9289596160, 85, 0, 2),
(13106, 3, 8308797837, 85, 0, 2),
(13107, 3, 7224252589, 85, 0, 2),
(13108, 3, 7351053539, 86, 0, 2),
(13109, 3, 7979826605, 86, 1, 2),
(13110, 3, 8084608525, 86, 1, 2),
(13111, 3, 2137041692, 86, 1, 2),
(13112, 3, 9073271965, 86, 1, 2),
(13113, 3, 9570689751, 86, 1, 2),
(13114, 3, 1882911769, 86, 1, 2),
(13115, 3, 7695270968, 86, 1, 2),
(13116, 3, 1398652770, 86, 1, 2),
(13117, 3, 6801890273, 86, 0, 2),
(13118, 3, 8999530819, 86, 1, 2),
(13119, 3, 6961122849, 86, 0, 2),
(13120, 3, 1101656448, 86, 0, 2),
(13121, 3, 5354403258, 86, 0, 2),
(13122, 3, 3519584652, 86, 0, 2),
(13123, 3, 2101585113, 86, 0, 2),
(13124, 3, 9768382860, 86, 0, 2),
(13125, 3, 8777388469, 86, 0, 2),
(13126, 3, 8676697337, 86, 0, 2),
(13127, 3, 9289596160, 86, 0, 2),
(13128, 3, 8308797837, 86, 0, 2),
(13129, 3, 7224252589, 86, 0, 2),
(13130, 3, 7437346078, 87, 1, 2),
(13131, 3, 7979826605, 87, 1, 2),
(13132, 3, 3546042283, 87, 0, 2),
(13133, 3, 9570689751, 87, 1, 2),
(13134, 3, 2201547772, 87, 1, 2),
(13135, 3, 1882911769, 87, 1, 2),
(13136, 3, 9970144988, 87, 1, 2),
(13137, 3, 3708278996, 87, 1, 2),
(13138, 3, 1398652770, 87, 1, 2),
(13139, 3, 6801890273, 87, 1, 2),
(13140, 3, 8999530819, 87, 1, 2),
(13141, 3, 6134682824, 87, 1, 2),
(13142, 3, 3519584652, 87, 1, 2),
(13143, 3, 8777388469, 87, 1, 2),
(13144, 3, 8327170422, 88, 0, 2),
(13145, 3, 7437346078, 88, 0, 2),
(13146, 3, 7351053539, 88, 0, 2),
(13147, 3, 3546042283, 88, 0, 2),
(13148, 3, 7941970041, 88, 1, 2),
(13149, 3, 8084608525, 88, 1, 2),
(13150, 3, 1896394823, 88, 1, 2),
(13151, 3, 9073271965, 88, 0, 2),
(13152, 3, 9570689751, 88, 1, 2),
(13153, 3, 2201547772, 88, 0, 2),
(13154, 3, 1882911769, 88, 1, 2),
(13155, 3, 8341117479, 88, 0, 2),
(13156, 3, 4984083122, 88, 0, 2),
(13157, 3, 1398652770, 88, 1, 2),
(13158, 3, 6801890273, 88, 0, 2),
(13159, 3, 8999530819, 88, 0, 2),
(13160, 3, 1374413511, 88, 1, 2),
(13161, 3, 6134682824, 88, 1, 2),
(13162, 3, 6961122849, 88, 1, 2),
(13163, 3, 2101585113, 88, 1, 2),
(13164, 3, 9289596160, 88, 0, 2),
(13165, 3, 8308797837, 88, 0, 2),
(13166, 3, 7224252589, 88, 0, 2),
(13167, 3, 8327170422, 89, 0, 2),
(13168, 3, 6017045031, 89, 0, 2),
(13169, 3, 7437346078, 89, 0, 2),
(13170, 3, 3786118540, 89, 0, 2),
(13171, 3, 7351053539, 89, 0, 2),
(13172, 3, 7979826605, 89, 0, 2),
(13173, 3, 3546042283, 89, 0, 2),
(13174, 3, 7941970041, 89, 0, 2),
(13175, 3, 2208890620, 89, 0, 2),
(13176, 3, 1896394823, 89, 0, 2),
(13177, 3, 9073271965, 89, 0, 2),
(13178, 3, 2201547772, 89, 0, 2),
(13179, 3, 8341117479, 89, 0, 2),
(13180, 3, 7695270968, 89, 0, 2),
(13181, 3, 1398652770, 89, 0, 2),
(13182, 3, 6801890273, 89, 0, 2),
(13183, 3, 8999530819, 89, 0, 2),
(13184, 3, 6134682824, 89, 0, 2),
(13185, 3, 1101656448, 89, 0, 2),
(13186, 3, 8308797837, 89, 0, 2),
(13187, 3, 7224252589, 89, 0, 2);

-- --------------------------------------------------------

--
-- Table structure for table `programming`
--

CREATE TABLE `programming` (
  `id` int NOT NULL,
  `name` varchar(255) NOT NULL
) ENGINE=InnoDB DEFAULT CHARSET=utf8mb4 COLLATE=utf8mb4_0900_ai_ci;

--
-- Dumping data for table `programming`
--

INSERT INTO `programming` (`id`, `name`) VALUES
(1, 'Elementary School Programming'),
(2, 'Middle School Programming'),
(3, 'High School Programming'),
(4, 'Yearlong'),
(5, 'General Meeting');

-- --------------------------------------------------------

--
-- Table structure for table `users`
--

CREATE TABLE `users` (
  `username` varchar(255) NOT NULL,
  `password` varchar(255) NOT NULL,
  `usc_id` bigint NOT NULL,
  `admin` tinyint(1) NOT NULL
) ENGINE=InnoDB DEFAULT CHARSET=utf8mb4 COLLATE=utf8mb4_0900_ai_ci;

--
-- Dumping data for table `users`
--

INSERT INTO `users` (`username`, `password`, `usc_id`, `admin`) VALUES
('connormd', '0fadf52a4580cfebb99e61162139af3d3a6403c1d36b83e4962b721d1c8cbd0b', 1614183454, 1),
('ddrobert', '0fadf52a4580cfebb99e61162139af3d3a6403c1d36b83e4962b721d1c8cbd0b', 1743741602, 2),
('diegoihe', '0fadf52a4580cfebb99e61162139af3d3a6403c1d36b83e4962b721d1c8cbd0b', 9151787705, 0),
('fcassady', '0fadf52a4580cfebb99e61162139af3d3a6403c1d36b83e4962b721d1c8cbd0b', 7358122866, 1),
('mariahna', '0fadf52a4580cfebb99e61162139af3d3a6403c1d36b83e4962b721d1c8cbd0b', 9681577285, 1),
('shuklaak', 'b6b57a46a18a2351d28fcf8e1cd3212a566dd41739fdc206b0687b9c75e4432e', 3111450282, 2);

--
-- Indexes for dumped tables
--

--
-- Indexes for table `class`
--
ALTER TABLE `class`
  ADD PRIMARY KEY (`id`);

--
-- Indexes for table `colour`
--
ALTER TABLE `colour`
  ADD PRIMARY KEY (`id`);

--
-- Indexes for table `counselors`
--
ALTER TABLE `counselors`
  ADD PRIMARY KEY (`id`),
  ADD KEY `colour_id` (`colour_id`,`class_id`),
  ADD KEY `class_id` (`class_id`);

--
-- Indexes for table `credit`
--
ALTER TABLE `credit`
  ADD PRIMARY KEY (`id`);

--
-- Indexes for table `dates`
--
ALTER TABLE `dates`
  ADD PRIMARY KEY (`date_id`);

--
-- Indexes for table `eboard`
--
ALTER TABLE `eboard`
  ADD PRIMARY KEY (`id`),
  ADD KEY `usc_id` (`usc_id`);

--
-- Indexes for table `points`
--
ALTER TABLE `points`
  ADD PRIMARY KEY (`id`),
  ADD KEY `programming_id` (`programming_id`),
  ADD KEY `usc_id` (`usc_id`),
  ADD KEY `date_id` (`date_id`),
  ADD KEY `credit_id` (`credit_id`);

--
-- Indexes for table `programming`
--
ALTER TABLE `programming`
  ADD PRIMARY KEY (`id`);

--
-- Indexes for table `users`
--
ALTER TABLE `users`
  ADD PRIMARY KEY (`username`),
  ADD KEY `usc_id` (`usc_id`);

--
-- AUTO_INCREMENT for dumped tables
--

--
-- AUTO_INCREMENT for table `class`
--
ALTER TABLE `class`
  MODIFY `id` int NOT NULL AUTO_INCREMENT, AUTO_INCREMENT=6;

--
-- AUTO_INCREMENT for table `colour`
--
ALTER TABLE `colour`
  MODIFY `id` int NOT NULL AUTO_INCREMENT, AUTO_INCREMENT=6;

--
-- AUTO_INCREMENT for table `credit`
--
ALTER TABLE `credit`
  MODIFY `id` int NOT NULL AUTO_INCREMENT, AUTO_INCREMENT=3;

--
-- AUTO_INCREMENT for table `dates`
--
ALTER TABLE `dates`
  MODIFY `date_id` int NOT NULL AUTO_INCREMENT, AUTO_INCREMENT=90;

--
-- AUTO_INCREMENT for table `eboard`
--
ALTER TABLE `eboard`
  MODIFY `id` int NOT NULL AUTO_INCREMENT, AUTO_INCREMENT=17;

--
-- AUTO_INCREMENT for table `points`
--
ALTER TABLE `points`
  MODIFY `id` int NOT NULL AUTO_INCREMENT, AUTO_INCREMENT=13188;

--
-- AUTO_INCREMENT for table `programming`
--
ALTER TABLE `programming`
  MODIFY `id` int NOT NULL AUTO_INCREMENT, AUTO_INCREMENT=11;

--
-- Constraints for dumped tables
--

--
-- Constraints for table `counselors`
--
ALTER TABLE `counselors`
  ADD CONSTRAINT `counselors_ibfk_1` FOREIGN KEY (`class_id`) REFERENCES `class` (`id`),
  ADD CONSTRAINT `counselors_ibfk_2` FOREIGN KEY (`colour_id`) REFERENCES `colour` (`id`);

--
-- Constraints for table `points`
--
ALTER TABLE `points`
  ADD CONSTRAINT `points_ibfk_1` FOREIGN KEY (`programming_id`) REFERENCES `programming` (`id`),
  ADD CONSTRAINT `points_ibfk_2` FOREIGN KEY (`date_id`) REFERENCES `dates` (`date_id`),
  ADD CONSTRAINT `points_ibfk_3` FOREIGN KEY (`usc_id`) REFERENCES `counselors` (`id`),
  ADD CONSTRAINT `points_ibfk_4` FOREIGN KEY (`credit_id`) REFERENCES `credit` (`id`);

--
-- Constraints for table `users`
--
ALTER TABLE `users`
  ADD CONSTRAINT `users_ibfk_1` FOREIGN KEY (`usc_id`) REFERENCES `counselors` (`id`);
COMMIT;

/*!40101 SET CHARACTER_SET_CLIENT=@OLD_CHARACTER_SET_CLIENT */;
/*!40101 SET CHARACTER_SET_RESULTS=@OLD_CHARACTER_SET_RESULTS */;
/*!40101 SET COLLATION_CONNECTION=@OLD_COLLATION_CONNECTION */;
